Q0085,YBL099W
Q0085,YPL078C
YAL002W,YLR148W
YAL002W,YLR396C
YAL002W,YMR231W
YAL002W,YPL045W
YAL007C,YJL117W
YAL007C,YPL076W
YAL011W,YDR334W
YAL011W,YGR002C
YAL011W,YNL107W
YAL015C,YDL029W
YAL015C,YDL059C
YAL015C,YJL066C
YAL015C,YJR068W
YAL018C,YLR034C
YAL021C,YDL165W
YAL021C,YGR134W
YAL021C,YNL288W
YAL021C,YNR052C
YAL021C,YPL042C
YAL024C,YHR158C
YAL027W,YML095C
YAL027W,YPL022W
YAL028W,YDL239C
YAL032C,YDL209C
YAL032C,YDR364C
YAL032C,YDR416W
YAL032C,YGL128C
YAL032C,YGR278W
YAL032C,YKL095W
YAL032C,YKL173W
YAL032C,YLL036C
YAL032C,YLR117C
YAL032C,YML049C
YAL032C,YMR213W
YAL032C,YMR288W
YAL032C,YPL151C
YAL035W,YBR084W
YAL035W,YGL130W
YAL035W,YLR175W
YAL035W,YMR309C
YAL035W,YOR361C
YAL035W,YPR041W
YAL040C,YBR160W
YAL040C,YJL157C
YAL040C,YPL014W
YAL041W,YBR200W
YAL041W,YGL233W
YAL041W,YGR152C
YAL041W,YHL007C
YAL041W,YJL157C
YAL043C,YDR195W
YAL043C,YDR228C
YAL043C,YDR301W
YAL043C,YGR156W
YAL043C,YJR093C
YAL043C,YKL018W
YAL043C,YKL059C
YAL043C,YKR002W
YAL043C,YLR115W
YAL043C,YLR277C
YAL043C,YMR061W
YAL043C,YNL222W
YAL043C,YNL317W
YAL043C,YOR179C
YAL043C,YPR107C
YAL047C,YHR172W
YAL047C,YLR045C
YAL047C,YLR212C
YAL047C,YNL126W
YAL055W,YDL065C
YAL055W,YDR265W
YAL055W,YGR133W
YAL055W,YMR026C
YAL055W,YOL044W
YAL056W,YER020W
YAR002W,YER110C
YAR002W,YGL097W
YAR002W,YLR293C
YAR002W,YLR335W
YAR002W,YLR347C
YAR002W,YNL189W
YAR003W,YBR175W
YAR003W,YBR258C
YAR003W,YDR469W
YAR003W,YHR119W
YAR003W,YKL018W
YAR003W,YLR015W
YAR003W,YPL138C
YAR007C,YML032C
YAR008W,YLR105C
YAR008W,YMR059W
YAR008W,YPL083C
YAR014C,YER167W
YAR014C,YOR358W
YAR019C,YDL047W
YAR019C,YGR092W
YAR019C,YHL007C
YAR019C,YHR030C
YAR019C,YML064C
YAR027W,YAR028W
YAR027W,YBR159W
YAR027W,YLR018C
YAR027W,YMR149W
YAR027W,YMR264W
YAR027W,YMR279C
YAR028W,YDR331W
YAR028W,YGL104C
YAR028W,YJL219W
YAR028W,YPR128C
YAR033W,YGL051W
YAR033W,YHL048W
YAR033W,YPL076W
YAR033W,YPR198W
YAR042W,YLR397C
YBL004W,YBR247C
YBL004W,YCL059C
YBL004W,YCR057C
YBL004W,YDL213C
YBL004W,YER082C
YBL004W,YGR090W
YBL004W,YHR089C
YBL004W,YNL110C
YBL004W,YPL043W
YBL004W,YPR137W
YBL008W,YBR289W
YBL008W,YJL115W
YBL008W,YJL176C
YBL008W,YOR038C
YBL009W,YOR233W
YBL014C,YOR158W
YBL016W,YDL159W
YBL016W,YDR103W
YBL016W,YDR480W
YBL016W,YFR028C
YBL016W,YHR084W
YBL016W,YJL076W
YBL016W,YPL049C
YBL017C,YPL049C
YBL021C,YOR358W
YBL023C,YDR052C
YBL023C,YEL032W
YBL023C,YIL150C
YBL023C,YLR103C
YBL023C,YLR274W
YBL023C,YPR019W
YBL025W,YBR274W
YBL025W,YDR247W
YBL025W,YFR028C
YBL025W,YMR270C
YBL026W,YDL160C
YBL026W,YDR378C
YBL026W,YEL015W
YBL026W,YER112W
YBL026W,YER146W
YBL026W,YGL173C
YBL026W,YGR091W
YBL026W,YHR165C
YBL026W,YIL066C
YBL026W,YJL124C
YBL026W,YJL157C
YBL026W,YJR022W
YBL026W,YLR147C
YBL026W,YLR275W
YBL026W,YLR438C-A
YBL026W,YMR268C
YBL026W,YNL118C
YBL026W,YNL147W
YBL026W,YOL149W
YBL026W,YPR132W
YBL032W,YGL049C
YBL035C,YBR087W
YBL035C,YIR008C
YBL035C,YKL045W
YBL035C,YNL102W
YBL035C,YNL290W
YBL035C,YOL094C
YBL037W,YBL105C
YBL037W,YJR005W
YBL037W,YJR058C
YBL037W,YOL062C
YBL039C,YDL047W
YBL039C,YGR262C
YBL039C,YLR180W
YBL039C,YPL140C
YBL040C,YJR010C-A
YBL040C,YMR215W
YBL046W,YDR075W
YBL046W,YML010W
YBL046W,YNL201C
YBL047C,YBL105C
YBL047C,YBR059C
YBL047C,YOL016C
YBL049W,YER066C-A
YBL049W,YIL017C
YBL049W,YIL097W
YBL050W,YLR268W
YBL050W,YOR106W
YBL051C,YKR096W
YBL056W,YDL059C
YBL056W,YNL250W
YBL068W,YHL011C
YBL068W,YKL181W
YBL068W,YOL061W
YBL074C,YDL208W
YBL074C,YDR283C
YBL074C,YKL173W
YBL079W,YJL061W
YBL084C,YDR118W
YBL084C,YFR036W
YBL084C,YHR166C
YBL084C,YKL022C
YBL084C,YLR127C
YBL084C,YNL172W
YBL084C,YOR249C
YBL085W,YBR200W
YBL085W,YCL024W
YBL085W,YJR138W
YBL085W,YML109W
YBL085W,YMR273C
YBL085W,YPL115C
YBL088C,YLR025W
YBL090W,YBR251W
YBL090W,YHL004W
YBL093C,YBR193C
YBL093C,YCR081W
YBL093C,YDR308C
YBL093C,YER022W
YBL093C,YGL025C
YBL093C,YGR104C
YBL093C,YHR041C
YBL093C,YHR058C
YBL093C,YNR010W
YBL093C,YOL135C
YBL093C,YOR140W
YBL093C,YPL042C
YBL093C,YPR070W
YBL099W,YGR092W
YBL099W,YPL078C
YBL102W,YOR036W
YBL103C,YHR186C
YBL103C,YIR023W
YBL103C,YNL006W
YBL103C,YNL076W
YBL103C,YOL067C
YBL105C,YBR059C
YBL105C,YGL022W
YBL105C,YGR221C
YBR017C,YDR062W
YBR017C,YGL122C
YBR017C,YHL007C
YBR020W,YDR128W
YBR020W,YGL137W
YBR020W,YML032C
YBR020W,YNR031C
YBR020W,YOL139C
YBR024W,YBR037C
YBR027C,YLR353W
YBR036C,YBR159W
YBR036C,YGL051W
YBR036C,YIL016W
YBR036C,YJL214W
YBR036C,YPR198W
YBR045C,YER133W
YBR049C,YDR303C
YBR049C,YKR001C
YBR049C,YLR176C
YBR049C,YLR357W
YBR055C,YBR152W
YBR055C,YDR473C
YBR055C,YER172C
YBR055C,YFL017W-A
YBR055C,YGR074W
YBR055C,YGR091W
YBR055C,YHR165C
YBR055C,YJL138C
YBR055C,YLR147C
YBR055C,YPR082C
YBR055C,YPR178W
YBR057C,YCL055W
YBR057C,YGL192W
YBR059C,YNL020C
YBR060C,YHR118C
YBR060C,YJL194W
YBR060C,YLL004W
YBR060C,YML065W
YBR060C,YNL261W
YBR060C,YPR162C
YBR065C,YLL036C
YBR065C,YLR117C
YBR065C,YMR213W
YBR065C,YPL151C
YBR069C,YCR034W
YBR069C,YDL015C
YBR069C,YJL117W
YBR069C,YLR372W
YBR069C,YML048W
YBR069C,YOR016C
YBR069C,YPR198W
YBR079C,YDR091C
YBR079C,YDR429C
YBR079C,YLR192C
YBR079C,YMR146C
YBR079C,YMR309C
YBR079C,YNL244C
YBR079C,YOR361C
YBR079C,YPL001W
YBR079C,YPL237W
YBR079C,YPR041W
YBR079C,YPR086W
YBR081C,YBR198C
YBR081C,YBR253W
YBR081C,YCL010C
YBR081C,YDR146C
YBR081C,YDR167W
YBR081C,YDR176W
YBR081C,YDR448W
YBR081C,YGL066W
YBR081C,YGL112C
YBR081C,YGR252W
YBR081C,YHR099W
YBR081C,YLR055C
YBR081C,YMR223W
YBR081C,YMR236W
YBR081C,YOL148C
YBR081C,YOR119C
YBR081C,YPL254W
YBR087W,YBR088C
YBR087W,YER173W
YBR087W,YHR191C
YBR087W,YJR068W
YBR087W,YMR078C
YBR087W,YNL290W
YBR087W,YOL094C
YBR087W,YOR144C
YBR087W,YOR217W
YBR088C,YDL164C
YBR088C,YMR167W
YBR088C,YNL290W
YBR088C,YOL094C
YBR088C,YOR217W
YBR091C,YDL217C
YBR091C,YJL054W
YBR091C,YOR297C
YBR094W,YOL149W
YBR095C,YMR159C
YBR095C,YOL004W
YBR102C,YDR166C
YBR102C,YER008C
YBR102C,YGL233W
YBR102C,YIL068C
YBR102C,YLR166C
YBR102C,YPR055W
YBR103W,YCR033W
YBR103W,YDR227W
YBR103W,YGL194C
YBR103W,YIL112W
YBR103W,YML109W
YBR103W,YMR273C
YBR106W,YBR110W
YBR106W,YDL015C
YBR106W,YDR297W
YBR106W,YDR331W
YBR106W,YEL017C-A
YBR106W,YGL051W
YBR106W,YHR142W
YBR106W,YJL108C
YBR106W,YOL132W
YBR106W,YPL076W
YBR106W,YPL274W
YBR106W,YPR156C
YBR107C,YPL018W
YBR108W,YHR016C
YBR108W,YJL020C
YBR110W,YCR034W
YBR110W,YDL015C
YBR110W,YDR331W
YBR110W,YEL017C-A
YBR110W,YGR105W
YBR110W,YHL048W
YBR110W,YHR142W
YBR110W,YLL061W
YBR110W,YML123C
YBR110W,YPL076W
YBR110W,YPL274W
YBR110W,YPR156C
YBR112C,YNL167C
YBR119W,YDR240C
YBR119W,YFL017W-A
YBR119W,YIL061C
YBR119W,YKL012W
YBR119W,YLR298C
YBR119W,YMR125W
YBR123C,YGR047C
YBR123C,YGR246C
YBR123C,YOR110W
YBR127C,YKL080W
YBR127C,YOR270C
YBR130C,YGL106W
YBR130C,YKL130C
YBR133C,YNL094W
YBR135W,YBR160W
YBR135W,YGR109C
YBR135W,YLR210W
YBR135W,YPL014W
YBR136W,YDR499W
YBR140C,YJL005W
YBR140C,YLR310C
YBR142W,YDR496C
YBR142W,YGL111W
YBR142W,YHR052W
YBR142W,YHR066W
YBR142W,YKL014C
YBR142W,YMR049C
YBR142W,YMR290C
YBR142W,YNL002C
YBR142W,YNL061W
YBR142W,YOL041C
YBR142W,YOR272W
YBR142W,YPL043W
YBR142W,YPL093W
YBR152W,YDL030W
YBR152W,YDL043C
YBR152W,YDL098C
YBR152W,YDR473C
YBR152W,YER029C
YBR152W,YER172C
YBR152W,YGR075C
YBR152W,YGR091W
YBR152W,YIR009W
YBR152W,YJL203W
YBR152W,YKL173W
YBR152W,YML049C
YBR152W,YMR240C
YBR152W,YMR288W
YBR152W,YOR308C
YBR152W,YPL213W
YBR152W,YPR178W
YBR154C,YDR404C
YBR154C,YGL070C
YBR154C,YIL021W
YBR154C,YJR063W
YBR154C,YKL144C
YBR154C,YLR384C
YBR154C,YNR003C
YBR154C,YOR116C
YBR154C,YOR151C
YBR154C,YOR224C
YBR154C,YOR341W
YBR154C,YPR110C
YBR155W,YGR187C
YBR155W,YJR032W
YBR156C,YGL061C
YBR156C,YGR113W
YBR156C,YPL209C
YBR159W,YDR414C
YBR159W,YFL048C
YBR159W,YHL048W
YBR159W,YJL214W
YBR159W,YJL219W
YBR159W,YMR279C
YBR159W,YOL132W
YBR159W,YPR198W
YBR160W,YDL155W
YBR160W,YGR109C
YBR160W,YGR238C
YBR160W,YHR158C
YBR160W,YJL157C
YBR160W,YJL187C
YBR160W,YLR096W
YBR160W,YMR199W
YBR160W,YPL256C
YBR160W,YPR120C
YBR170C,YGR048W
YBR171W,YHL042W
YBR171W,YLR292C
YBR171W,YOR254C
YBR171W,YPL094C
YBR172C,YKL074C
YBR172C,YLR116W
YBR175W,YBR258C
YBR175W,YDR469W
YBR175W,YHR119W
YBR175W,YKL018W
YBR175W,YLR015W
YBR175W,YPL138C
YBR176W,YPL070W
YBR188C,YDR416W
YBR188C,YLL036C
YBR188C,YLR117C
YBR193C,YBR253W
YBR193C,YDL005C
YBR193C,YER022W
YBR193C,YGL127C
YBR193C,YGR104C
YBR193C,YHR041C
YBR193C,YOL051W
YBR193C,YOL135C
YBR195C,YML102W
YBR195C,YPR018W
YBR198C,YCR042C
YBR198C,YDR145W
YBR198C,YDR167W
YBR198C,YDR176W
YBR198C,YDR448W
YBR198C,YER148W
YBR198C,YGL066W
YBR198C,YGL112C
YBR198C,YGR274C
YBR198C,YHR041C
YBR198C,YML015C
YBR198C,YML098W
YBR198C,YMR236W
YBR198C,YOR119C
YBR198C,YPL011C
YBR198C,YPR072W
YBR200W,YER114C
YBR200W,YGL233W
YBR200W,YGR152C
YBR200W,YHL007C
YBR200W,YLR337C
YBR200W,YMR109W
YBR200W,YNL298W
YBR200W,YPL038W
YBR202W,YEL032W
YBR202W,YIL150C
YBR202W,YLR274W
YBR202W,YPR019W
YBR211C,YGR179C
YBR216C,YML007W
YBR216C,YMR047C
YBR217W,YER021W
YBR217W,YPL149W
YBR225W,YGL197W
YBR225W,YLR310C
YBR231C,YDR334W
YBR231C,YGR002C
YBR236C,YOR151C
YBR245C,YCR052W
YBR245C,YDL002C
YBR245C,YER164W
YBR245C,YFR013W
YBR245C,YFR037C
YBR245C,YGL133W
YBR245C,YKR001C
YBR245C,YLR033W
YBR245C,YLR176C
YBR245C,YLR357W
YBR245C,YMR091C
YBR245C,YOR304W
YBR245C,YPL082C
YBR247C,YCL059C
YBR247C,YCR057C
YBR247C,YDL014W
YBR247C,YDL060W
YBR247C,YDL148C
YBR247C,YDR449C
YBR247C,YER082C
YBR247C,YGR081C
YBR247C,YGR090W
YBR247C,YHR148W
YBR247C,YJR002W
YBR247C,YKL143W
YBR247C,YLL011W
YBR247C,YLR175W
YBR247C,YLR186W
YBR247C,YMR093W
YBR247C,YMR128W
YBR247C,YNL075W
YBR247C,YNL132W
YBR247C,YNL207W
YBR247C,YOR056C
YBR247C,YPL012W
YBR247C,YPR144C
YBR251W,YDR036C
YBR251W,YGL129C
YBR251W,YGR084C
YBR251W,YGR215W
YBR251W,YIL093C
YBR251W,YJR101W
YBR251W,YKL155C
YBR253W,YCR081W
YBR253W,YDL005C
YBR253W,YDR308C
YBR253W,YDR443C
YBR253W,YDR448W
YBR253W,YER022W
YBR253W,YGL025C
YBR253W,YGL151W
YBR253W,YGR104C
YBR253W,YGR252W
YBR253W,YHR058C
YBR253W,YLR071C
YBR253W,YMR112C
YBR253W,YNL025C
YBR253W,YNL236W
YBR253W,YNR010W
YBR253W,YOL135C
YBR253W,YOR174W
YBR253W,YPL042C
YBR253W,YPL248C
YBR253W,YPR070W
YBR253W,YPR168W
YBR254C,YDR108W
YBR254C,YDR407C
YBR254C,YDR472W
YBR254C,YGR166W
YBR254C,YKR068C
YBR254C,YML077W
YBR254C,YMR218C
YBR254C,YOR115C
YBR258C,YDR469W
YBR258C,YHR119W
YBR258C,YLR015W
YBR258C,YPL138C
YBR260C,YGR196C
YBR264C,YGL198W
YBR267W,YDR101C
YBR267W,YGL099W
YBR267W,YHR170W
YBR270C,YPL124W
YBR272C,YDL007W
YBR272C,YDR363W-A
YBR272C,YEL056W
YBR272C,YER021W
YBR272C,YFR052W
YBR272C,YGL004C
YBR272C,YOR117W
YBR272C,YPL001W
YBR274W,YDL042C
YBR274W,YDR113C
YBR274W,YFR028C
YBR274W,YJL076W
YBR274W,YKR010C
YBR274W,YMR270C
YBR275C,YDL042C
YBR275C,YDL230W
YBR275C,YFR028C
YBR275C,YIL035C
YBR275C,YNL216W
YBR279W,YDL140C
YBR279W,YGL244W
YBR279W,YLR418C
YBR279W,YML010W
YBR279W,YOL145C
YBR279W,YOR123C
YBR279W,YPL129W
YBR283C,YCR034W
YBR283C,YKL008C
YBR283C,YKL154W
YBR283C,YLR372W
YBR283C,YOR254C
YBR283C,YPL076W
YBR288C,YGR261C
YBR288C,YJL024C
YBR288C,YPL195W
YBR289W,YFL049W
YBR289W,YHL025W
YBR289W,YJL176C
YBR289W,YMR033W
YBR289W,YNR023W
YBR289W,YOR038C
YBR289W,YPL016W
YBR289W,YPR034W
YBR290W,YCR034W
YBR290W,YDL015C
YBR290W,YDL212W
YBR290W,YGL051W
YBR290W,YHR133C
YBR290W,YJL117W
YBR290W,YKL008C
YBR290W,YLR018C
YBR290W,YLR372W
YBR290W,YML048W
YBR290W,YOR016C
YBR290W,YPL076W
YBR290W,YPL227C
YBR290W,YPR156C
YBR296C,YHR188C
YBR298C,YHL042W
YBR298C,YMR279C
YCL008C,YJL172W
YCL008C,YPL065W
YCL010C,YDR176W
YCL010C,YGL112C
YCL010C,YGR252W
YCL010C,YHR099W
YCL010C,YOR119C
YCL011C,YDL084W
YCL011C,YDL213C
YCL011C,YDR138W
YCL011C,YHR167W
YCL011C,YML062C
YCL014W,YGL158W
YCL014W,YJR092W
YCL024W,YDL225W
YCL024W,YHR107C
YCL024W,YJR076C
YCL024W,YLR314C
YCL025C,YCR034W
YCL025C,YDL212W
YCL025C,YHL003C
YCL025C,YHR133C
YCL025C,YKL008C
YCL025C,YLR343W
YCL025C,YLR372W
YCL025C,YPL076W
YCL025C,YPL227C
YCL025C,YPR198W
YCL027W,YOR155C
YCL029C,YER016W
YCL029C,YPL124W
YCL029C,YPL155C
YCL031C,YER118C
YCL037C,YDL175C
YCL037C,YGR162W
YCL039W,YDR255C
YCL039W,YGL227W
YCL039W,YIL017C
YCL039W,YPL139C
YCL054W,YDL014W
YCL054W,YGR103W
YCL054W,YKR081C
YCL054W,YNL110C
YCL054W,YOR310C
YCL055W,YGL192W
YCL059C,YCR057C
YCL059C,YDL014W
YCL059C,YDL148C
YCL059C,YDL213C
YCL059C,YDR299W
YCL059C,YDR324C
YCL059C,YDR449C
YCL059C,YER082C
YCL059C,YGR145W
YCL059C,YHR148W
YCL059C,YJL109C
YCL059C,YJR002W
YCL059C,YLL011W
YCL059C,YLR175W
YCL059C,YLR197W
YCL059C,YLR409C
YCL059C,YMR093W
YCL059C,YMR128W
YCL059C,YNL132W
YCL059C,YNL308C
YCL059C,YPL126W
YCL059C,YPL217C
YCL059C,YPR137W
YCL059C,YPR144C
YCL064C,YDL029W
YCL064C,YHR030C
YCL064C,YPL140C
YCR002C,YDL225W
YCR014C,YOR005C
YCR020C-A,YEL053C
YCR020C-A,YPR051W
YCR030C,YOL016C
YCR033W,YGL194C
YCR033W,YIL112W
YCR033W,YKR029C
YCR033W,YMR273C
YCR033W,YOL068C
YCR034W,YDL015C
YCR034W,YDR297W
YCR034W,YDR331W
YCR034W,YEL017C-A
YCR034W,YEL063C
YCR034W,YHL042W
YCR034W,YHL048W
YCR034W,YHR133C
YCR034W,YHR142W
YCR034W,YLL006W
YCR034W,YLR018C
YCR034W,YOL132W
YCR034W,YPL076W
YCR034W,YPL274W
YCR034W,YPR156C
YCR035C,YDR280W
YCR035C,YGR095C
YCR035C,YGR195W
YCR035C,YHR069C
YCR035C,YNL189W
YCR035C,YNL232W
YCR035C,YOL021C
YCR037C,YHL042W
YCR038C,YDL065C
YCR042C,YER148W
YCR042C,YGL112C
YCR042C,YGR274C
YCR042C,YML015C
YCR052W,YFR037C
YCR057C,YDL014W
YCR057C,YDL148C
YCR057C,YDL213C
YCR057C,YDR299W
YCR057C,YDR324C
YCR057C,YDR449C
YCR057C,YER082C
YCR057C,YGL171W
YCR057C,YGR090W
YCR057C,YGR128C
YCR057C,YGR145W
YCR057C,YHR148W
YCR057C,YHR196W
YCR057C,YJL033W
YCR057C,YJL069C
YCR057C,YJL109C
YCR057C,YJR002W
YCR057C,YKL099C
YCR057C,YKR060W
YCR057C,YLL011W
YCR057C,YLR129W
YCR057C,YLR175W
YCR057C,YLR186W
YCR057C,YLR197W
YCR057C,YLR222C
YCR057C,YLR409C
YCR057C,YMR093W
YCR057C,YMR128W
YCR057C,YNL075W
YCR057C,YNL132W
YCR057C,YNR054C
YCR057C,YOR310C
YCR057C,YPL126W
YCR057C,YPL217C
YCR057C,YPR137W
YCR057C,YPR144C
YCR063W,YHR165C
YCR063W,YMR213W
YCR066W,YLR032W
YCR072C,YER126C
YCR072C,YGR245C
YCR072C,YHR197W
YCR072C,YLR074C
YCR072C,YNL182C
YCR073C,YJL128C
YCR073C,YLR006C
YCR073C,YNR031C
YCR081W,YDL005C
YCR081W,YOL135C
YCR086W,YDR439W
YCR086W,YFR028C
YCR086W,YHR061C
YCR086W,YKR010C
YCR092C,YDR097C
YCR092C,YOL090W
YCR093W,YDR443C
YCR093W,YER068W
YCR093W,YGR134W
YCR093W,YKR036C
YCR093W,YML015C
YCR093W,YNL025C
YCR093W,YNL288W
YCR093W,YNR052C
YCR093W,YPL011C
YCR093W,YPL042C
YCR093W,YPR072W
YCR095C,YPL027W
YDL002C,YER092W
YDL002C,YFL013C
YDL002C,YGL133W
YDL002C,YGL150C
YDL002C,YLR052W
YDL002C,YLR357W
YDL002C,YOR304W
YDL002C,YPL235W
YDL003W,YDR180W
YDL003W,YFL008W
YDL003W,YFR027W
YDL003W,YIL026C
YDL003W,YJL074C
YDL005C,YDR443C
YDL005C,YER022W
YDL005C,YGL025C
YDL005C,YGL151W
YDL005C,YGR104C
YDL005C,YHR041C
YDL005C,YHR058C
YDL005C,YLR071C
YDL005C,YML007W
YDL005C,YMR112C
YDL005C,YNL236W
YDL005C,YNR010W
YDL005C,YOL051W
YDL005C,YOL135C
YDL005C,YOR174W
YDL005C,YPL042C
YDL005C,YPR070W
YDL005C,YPR168W
YDL006W,YDR162C
YDL006W,YJL128C
YDL006W,YOL113W
YDL007W,YGL004C
YDL008W,YDR118W
YDL008W,YHR166C
YDL008W,YKL022C
YDL008W,YLR127C
YDL008W,YMR001C
YDL008W,YNL172W
YDL008W,YOR249C
YDL013W,YLR006C
YDL014W,YDR060W
YDL014W,YER082C
YDL014W,YGL130W
YDL014W,YGR090W
YDL014W,YGR103W
YDL014W,YHR089C
YDL014W,YJL033W
YDL014W,YJL069C
YDL014W,YLL011W
YDL014W,YLR175W
YDL014W,YLR197W
YDL014W,YNL061W
YDL014W,YOR310C
YDL014W,YPL043W
YDL015C,YDR331W
YDL015C,YHL048W
YDL015C,YHR133C
YDL015C,YKL008C
YDL015C,YKL154W
YDL015C,YLR343W
YDL015C,YLR372W
YDL015C,YOR016C
YDL017W,YDR052C
YDL017W,YGL137W
YDL017W,YML057W
YDL017W,YMR001C
YDL017W,YOR259C
YDL028C,YDR356W
YDL028C,YIL144W
YDL028C,YJR112W
YDL028C,YKL042W
YDL028C,YLL003W
YDL028C,YOL069W
YDL028C,YOR257W
YDL028C,YPL124W
YDL029W,YIL066C
YDL029W,YJL066C
YDL029W,YKL129C
YDL029W,YLR370C
YDL029W,YMR109W
YDL029W,YNR035C
YDL029W,YOR181W
YDL029W,YPL140C
YDL029W,YPR178W
YDL030W,YDL043C
YDL030W,YFL017W-A
YDL030W,YGR074W
YDL030W,YJL203W
YDL030W,YML049C
YDL030W,YMR240C
YDL030W,YNR053C
YDL030W,YOR159C
YDL031W,YGR103W
YDL031W,YHR066W
YDL031W,YIL035C
YDL031W,YKR081C
YDL031W,YNL061W
YDL031W,YNL110C
YDL031W,YOR080W
YDL031W,YPR016C
YDL042C,YDR247W
YDL042C,YER129W
YDL042C,YFR028C
YDL042C,YIL035C
YDL042C,YJL076W
YDL042C,YJR057W
YDL042C,YKR010C
YDL042C,YOR061W
YDL043C,YDR131C
YDL043C,YFL017W-A
YDL043C,YGL137W
YDL043C,YJL203W
YDL043C,YLR222C
YDL043C,YMR117C
YDL043C,YMR240C
YDL043C,YNR031C
YDL047W,YFR040W
YDL047W,YGL197W
YDL047W,YIL142W
YDL047W,YJL098W
YDL047W,YKR028W
YDL047W,YMR028W
YDL047W,YPL204W
YDL051W,YGR162W
YDL051W,YOL139C
YDL059C,YFL016C
YDL059C,YGL137W
YDL059C,YMR214W
YDL060W,YDL213C
YDL060W,YER006W
YDL060W,YGR081C
YDL060W,YKL143W
YDL060W,YNL207W
YDL060W,YOR056C
YDL060W,YOR145C
YDL060W,YPL012W
YDL060W,YPL204W
YDL060W,YPL266W
YDL064W,YDR409W
YDL065C,YDR265W
YDL065C,YGR218W
YDL065C,YNL214W
YDL074C,YDR295C
YDL074C,YEL043W
YDL074C,YFL008W
YDL074C,YFR031C
YDL074C,YOL069W
YDL074C,YOR195W
YDL076C,YDR207C
YDL076C,YIL084C
YDL076C,YMR263W
YDL076C,YNL330C
YDL076C,YOL004W
YDL076C,YPL139C
YDL076C,YPL181W
YDL077C,YDR080W
YDL077C,YGL124C
YDL077C,YMR231W
YDL077C,YPL045W
YDL084W,YDR138W
YDL087C,YDR235W
YDL087C,YDR240C
YDL087C,YER029C
YDL087C,YFL017W-A
YDL087C,YGR013W
YDL087C,YGR162W
YDL087C,YHR086W
YDL087C,YIL061C
YDL087C,YKL012W
YDL087C,YKL173W
YDL087C,YLR147C
YDL087C,YLR275W
YDL087C,YLR298C
YDL087C,YML046W
YDL087C,YML049C
YDL087C,YMR125W
YDL087C,YMR288W
YDL087C,YOL139C
YDL087C,YPL178W
YDL088C,YML031W
YDL088C,YMR153W
YDL089W,YLR324W
YDL092W,YKL122C
YDL092W,YPR088C
YDL098C,YER172C
YDL098C,YGR075C
YDL098C,YLR147C
YDL098C,YPR178W
YDL101C,YER173W
YDL101C,YHR135C
YDL101C,YJL092W
YDL102W,YJR006W
YDL102W,YJR043C
YDL106C,YDR146C
YDL108W,YDR460W
YDL108W,YER171W
YDL108W,YOR151C
YDL108W,YPR025C
YDL111C,YDR280W
YDL111C,YGR095C
YDL111C,YGR158C
YDL111C,YGR195W
YDL111C,YHR069C
YDL111C,YNL232W
YDL111C,YOL021C
YDL116W,YDR192C
YDL116W,YGL092W
YDL116W,YGL100W
YDL116W,YGL172W
YDL116W,YGR119C
YDL116W,YJR042W
YDL116W,YKL068W
YDL116W,YKR082W
YDL117W,YDR104C
YDL117W,YIL156W
YDL117W,YNL078W
YDL117W,YNL152W
YDL117W,YOL070C
YDL128W,YPR124W
YDL130W,YEL054C
YDL130W,YLR287C
YDL132W,YIL046W
YDL132W,YLR097C
YDL132W,YLR267W
YDL132W,YOR057W
YDL132W,YOR080W
YDL134C,YDR523C
YDL134C,YGL190C
YDL134C,YHR075C
YDL134C,YHR135C
YDL134C,YMR028W
YDL134C,YPL152W
YDL139C,YMR109W
YDL140C,YDR228C
YDL140C,YER125W
YDL140C,YLR418C
YDL140C,YOL051W
YDL140C,YOL145C
YDL140C,YOR151C
YDL140C,YPL129W
YDL140C,YPL228W
YDL140C,YPR093C
YDL146W,YHR016C
YDL146W,YKL129C
YDL146W,YMR109W
YDL148C,YGR090W
YDL150W,YKL144C
YDL150W,YKR025W
YDL150W,YNR003C
YDL150W,YOR116C
YDL150W,YPR110C
YDL154W,YLR394W
YDL154W,YMR224C
YDL155W,YFR028C
YDL155W,YJL076W
YDL155W,YKR010C
YDL155W,YOR081C
YDL155W,YOR210W
YDL155W,YOR372C
YDL155W,YPL267W
YDL159W,YDR103W
YDL159W,YLR113W
YDL161W,YHR016C
YDL161W,YIL095W
YDL161W,YIR006C
YDL165W,YNL025C
YDL165W,YNL288W
YDL165W,YPL042C
YDL165W,YPR072W
YDL190C,YDR049W
YDL191W,YDR101C
YDL191W,YGL099W
YDL191W,YGL111W
YDL195W,YPL085W
YDL203C,YLR371W
YDL207W,YIL115C
YDL207W,YMR255W
YDL208W,YDR496C
YDL208W,YHR089C
YDL208W,YKL173W
YDL208W,YLR175W
YDL208W,YMR049C
YDL208W,YNL124W
YDL209C,YMR213W
YDL210W,YNL279W
YDL212W,YDR046C
YDL212W,YEL017C-A
YDL212W,YEL063C
YDL212W,YHL042W
YDL212W,YHL048W
YDL212W,YHR142W
YDL212W,YLR018C
YDL212W,YNL238W
YDL212W,YPL076W
YDL213C,YDR496C
YDL213C,YER006W
YDL213C,YGR103W
YDL213C,YGR145W
YDL213C,YGR162W
YDL213C,YHR052W
YDL213C,YHR089C
YDL213C,YKR081C
YDL213C,YLL008W
YDL213C,YLR175W
YDL213C,YMR049C
YDL213C,YMR290C
YDL213C,YNL061W
YDL213C,YNL132W
YDL213C,YOL139C
YDL213C,YOR206W
YDL213C,YOR272W
YDL213C,YOR310C
YDL213C,YPL012W
YDL213C,YPR016C
YDL216C,YDR179C
YDL216C,YIL071C
YDL216C,YMR025W
YDL216C,YOL117W
YDL217C,YJL054W
YDL217C,YOR297C
YDL220C,YDR082W
YDL220C,YLR010C
YDL220C,YPL153C
YDL225W,YDR507C
YDL225W,YER066C-A
YDL225W,YHR107C
YDL225W,YLR314C
YDL225W,YPL235W
YDL226C,YGR172C
YDL232W,YGL022W
YDL232W,YGL226C-A
YDL232W,YOR085W
YDL239C,YKL042W
YDL239C,YLR423C
YDL239C,YNL225C
YDL239C,YPL070W
YDL239C,YPL124W
YDL239C,YPL255W
YDR002W,YGL097W
YDR002W,YGR218W
YDR002W,YLR293C
YDR002W,YMR235C
YDR004W,YER173W
YDR016C,YDR201W
YDR016C,YGR113W
YDR016C,YKL052C
YDR016C,YKR037C
YDR016C,YKR083C
YDR022C,YGL180W
YDR022C,YLR423C
YDR027C,YDR484W
YDR027C,YJL029C
YDR027C,YKR020W
YDR027C,YLR262C
YDR028C,YDR477W
YDR028C,YER133W
YDR028C,YGL115W
YDR028C,YKL193C
YDR028C,YOR267C
YDR036C,YGL129C
YDR036C,YGR084C
YDR036C,YHL004W
YDR036C,YIL093C
YDR036C,YKL155C
YDR045C,YNR003C
YDR045C,YOR116C
YDR045C,YOR207C
YDR046C,YIL005W
YDR052C,YMR001C
YDR060W,YGR103W
YDR060W,YHR052W
YDR060W,YHR066W
YDR060W,YKR081C
YDR060W,YLR276C
YDR060W,YMR049C
YDR060W,YMR290C
YDR060W,YNL002C
YDR060W,YNL061W
YDR060W,YNL110C
YDR060W,YOL041C
YDR060W,YOL077C
YDR060W,YOR206W
YDR060W,YOR272W
YDR060W,YPL012W
YDR060W,YPL043W
YDR060W,YPL211W
YDR071C,YER089C
YDR075W,YNL201C
YDR078C,YHL006C
YDR078C,YLR376C
YDR080W,YLR148W
YDR080W,YLR396C
YDR080W,YMR231W
YDR080W,YPL045W
YDR082W,YLR010C
YDR082W,YPL153C
YDR087C,YGR103W
YDR087C,YKR081C
YDR087C,YNL061W
YDR087C,YOR061W
YDR088C,YGR074W
YDR091C,YLR192C
YDR091C,YPR041W
YDR097C,YLR234W
YDR097C,YNL312W
YDR097C,YOL090W
YDR101C,YER126C
YDR101C,YGL099W
YDR101C,YGR245C
YDR101C,YHR170W
YDR101C,YHR197W
YDR101C,YKR081C
YDR101C,YLR074C
YDR101C,YNL110C
YDR101C,YPR016C
YDR103W,YDR264C
YDR103W,YLR362W
YDR110W,YDR235W
YDR118W,YGL240W
YDR118W,YHR166C
YDR118W,YLR102C
YDR118W,YLR127C
YDR118W,YMR001C
YDR118W,YNL172W
YDR118W,YOR249C
YDR121W,YNL262W
YDR121W,YPR175W
YDR122W,YER167W
YDR122W,YGR097W
YDR122W,YGR238C
YDR128W,YDR394W
YDR128W,YEL062W
YDR128W,YGL100W
YDR128W,YMR106C
YDR130C,YER032W
YDR130C,YPR120C
YDR132C,YDR395W
YDR137W,YLR039C
YDR137W,YLR262C
YDR138W,YML062C
YDR139C,YGR003W
YDR142C,YDR244W
YDR142C,YGL153W
YDR142C,YHR160C
YDR142C,YNL214W
YDR143C,YOL094C
YDR145W,YDR167W
YDR145W,YER148W
YDR145W,YGL112C
YDR145W,YGR274C
YDR145W,YML098W
YDR145W,YMR005W
YDR145W,YOR119C
YDR145W,YPR072W
YDR146C,YGR002C
YDR146C,YJL081C
YDR146C,YPL254W
YDR150W,YOL069W
YDR164C,YGR009C
YDR166C,YER008C
YDR167W,YDR448W
YDR167W,YGL112C
YDR167W,YGR252W
YDR167W,YGR274C
YDR167W,YML015C
YDR167W,YML098W
YDR167W,YMR236W
YDR167W,YOL148C
YDR167W,YOR119C
YDR167W,YPL011C
YDR167W,YPL129W
YDR173C,YMR043W
YDR176W,YDR308C
YDR176W,YDR448W
YDR176W,YGR274C
YDR176W,YHR041C
YDR176W,YOL148C
YDR176W,YPL254W
YDR179C,YMR025W
YDR180W,YER147C
YDR180W,YIL026C
YDR181C,YOR213C
YDR188W,YMR028W
YDR189W,YIL004C
YDR189W,YKL196C
YDR189W,YLR026C
YDR189W,YLR078C
YDR189W,YLR268W
YDR189W,YOR075W
YDR190C,YGR002C
YDR190C,YNL107W
YDR190C,YOR229W
YDR190C,YPL235W
YDR192C,YDR335W
YDR192C,YGL092W
YDR192C,YGL122C
YDR192C,YJR042W
YDR192C,YKL057C
YDR192C,YKR082W
YDR192C,YLR335W
YDR192C,YLR347C
YDR192C,YMR255W
YDR195W,YDR301W
YDR195W,YGR156W
YDR195W,YJL033W
YDR195W,YKL018W
YDR195W,YKL059C
YDR195W,YLR115W
YDR195W,YLR277C
YDR195W,YMR061W
YDR195W,YNL317W
YDR200C,YLR238W
YDR200C,YMR029C
YDR200C,YMR052W
YDR200C,YNL127W
YDR201W,YFL008W
YDR201W,YIL144W
YDR201W,YKR037C
YDR201W,YKR083C
YDR201W,YOL069W
YDR202C,YEL051W
YDR202C,YJR033C
YDR207C,YML099C
YDR207C,YMR042W
YDR211W,YER025W
YDR211W,YGR083C
YDR211W,YJR007W
YDR211W,YKR026C
YDR211W,YLR291C
YDR211W,YOR260W
YDR211W,YPL237W
YDR212W,YIL142W
YDR216W,YDR448W
YDR216W,YGR252W
YDR216W,YGR274C
YDR216W,YLR055C
YDR216W,YOL148C
YDR217C,YPL153C
YDR218C,YPL161C
YDR227W,YKR101W
YDR227W,YLR442C
YDR227W,YML109W
YDR227W,YMR284W
YDR228C,YDR301W
YDR228C,YGL044C
YDR228C,YKL059C
YDR228C,YKR002W
YDR228C,YLR115W
YDR228C,YLR277C
YDR228C,YMR061W
YDR228C,YOR250C
YDR235W,YGR013W
YDR235W,YIL061C
YDR235W,YLR298C
YDR238C,YIL004C
YDR238C,YLR078C
YDR238C,YLR268W
YDR239C,YFR028C
YDR239C,YLR096W
YDR240C,YFL017W-A
YDR240C,YGR013W
YDR240C,YGR074W
YDR240C,YIL061C
YDR240C,YLR298C
YDR240C,YPL178W
YDR244W,YGL153W
YDR244W,YLR191W
YDR244W,YNL214W
YDR245W,YEL036C
YDR245W,YJL183W
YDR245W,YJR075W
YDR247W,YDR439W
YDR247W,YER133W
YDR247W,YFR028C
YDR247W,YGR097W
YDR247W,YKR010C
YDR247W,YMR270C
YDR259C,YER032W
YDR264C,YJR086W
YDR264C,YNL154C
YDR265W,YGR133W
YDR265W,YMR026C
YDR265W,YOL044W
YDR267C,YIL128W
YDR277C,YLR191W
YDR280W,YGR090W
YDR280W,YGR095C
YDR280W,YGR158C
YDR280W,YGR195W
YDR280W,YHR069C
YDR280W,YJL109C
YDR280W,YLR398C
YDR280W,YMR128W
YDR280W,YNL189W
YDR280W,YNL232W
YDR280W,YOL021C
YDR280W,YOL142W
YDR280W,YOR001W
YDR283C,YGR091W
YDR283C,YKL173W
YDR283C,YNL183C
YDR283C,YOR308C
YDR283C,YPR178W
YDR284C,YPR079W
YDR285W,YLR394W
YDR295C,YJR112W
YDR295C,YNL021W
YDR295C,YNL250W
YDR295C,YOL069W
YDR297W,YDR331W
YDR297W,YHR142W
YDR297W,YIL016W
YDR297W,YKL154W
YDR297W,YOR016C
YDR297W,YPL076W
YDR297W,YPL274W
YDR299W,YER127W
YDR299W,YGR090W
YDR299W,YGR145W
YDR299W,YNL207W
YDR301W,YGR156W
YDR301W,YJR093C
YDR301W,YKL018W
YDR301W,YKL059C
YDR301W,YLR115W
YDR301W,YLR277C
YDR301W,YMR061W
YDR301W,YNL317W
YDR301W,YOR250C
YDR301W,YPR107C
YDR303C,YLR176C
YDR308C,YDR448W
YDR308C,YGL127C
YDR308C,YGR104C
YDR308C,YOL135C
YDR308C,YOR119C
YDR308C,YOR174W
YDR309C,YML109W
YDR309C,YMR273C
YDR309C,YNL298W
YDR309C,YOR127W
YDR310C,YOL068C
YDR310C,YOR279C
YDR318W,YKL089W
YDR318W,YPL018W
YDR320C,YGR167W
YDR324C,YER082C
YDR324C,YGR090W
YDR324C,YJL069C
YDR331W,YEL027W
YDR331W,YGL051W
YDR331W,YHR133C
YDR331W,YHR188C
YDR331W,YIL016W
YDR331W,YJL091C
YDR331W,YJL117W
YDR331W,YJL196C
YDR331W,YKL008C
YDR331W,YKL154W
YDR331W,YKL212W
YDR331W,YLR018C
YDR331W,YLR372W
YDR331W,YOL003C
YDR331W,YOR307C
YDR331W,YPL076W
YDR331W,YPL227C
YDR331W,YPL274W
YDR334W,YDR485C
YDR334W,YGR002C
YDR334W,YJL081C
YDR334W,YLR385C
YDR334W,YML041C
YDR334W,YNL107W
YDR334W,YPL235W
YDR335W,YFR002W
YDR335W,YGL092W
YDR335W,YGL172W
YDR335W,YGR119C
YDR335W,YLR335W
YDR335W,YML103C
YDR335W,YMR047C
YDR356W,YER129W
YDR356W,YHR172W
YDR356W,YJL187C
YDR356W,YKL042W
YDR356W,YLR212C
YDR356W,YNL053W
YDR356W,YNL126W
YDR356W,YOR257W
YDR356W,YPL124W
YDR359C,YFL024C
YDR359C,YGR002C
YDR359C,YNL107W
YDR359C,YOR244W
YDR363W-A,YER021W
YDR364C,YKL095W
YDR364C,YMR213W
YDR365C,YIL035C
YDR365C,YNR054C
YDR365C,YOL139C
YDR369C,YMR224C
YDR369C,YNL250W
YDR378C,YER146W
YDR378C,YGR091W
YDR378C,YJL124C
YDR378C,YJR022W
YDR378C,YLR147C
YDR378C,YLR275W
YDR378C,YNL147W
YDR378C,YOL149W
YDR378C,YOR320C
YDR381W,YGL237C
YDR390C,YDR510W
YDR390C,YGR048W
YDR390C,YKR002W
YDR390C,YPR180W
YDR392W,YDR448W
YDR392W,YER148W
YDR392W,YOL148C
YDR392W,YOR119C
YDR392W,YPL181W
YDR394W,YER173W
YDR394W,YER179W
YDR394W,YGL004C
YDR394W,YHR030C
YDR394W,YMR284W
YDR394W,YNL250W
YDR395W,YIL115C
YDR395W,YJL041W
YDR395W,YOR098C
YDR404C,YER125W
YDR404C,YGL070C
YDR404C,YGR005C
YDR404C,YGR063C
YDR404C,YGR186W
YDR404C,YIL021W
YDR404C,YJL140W
YDR404C,YOL005C
YDR404C,YOR151C
YDR404C,YOR224C
YDR408C,YOR174W
YDR410C,YJL117W
YDR410C,YNL101W
YDR414C,YEL004W
YDR414C,YEL017C-A
YDR414C,YER005W
YDR414C,YGL104C
YDR414C,YGR199W
YDR414C,YHL042W
YDR414C,YJL133W
YDR414C,YLR372W
YDR414C,YMR292W
YDR414C,YNL044W
YDR414C,YNR026C
YDR414C,YOR254C
YDR416W,YGR129W
YDR416W,YHR165C
YDR416W,YJR050W
YDR416W,YKL095W
YDR416W,YLL036C
YDR416W,YLR117C
YDR416W,YMR213W
YDR416W,YPR101W
YDR429C,YLR192C
YDR429C,YMR146C
YDR429C,YMR309C
YDR429C,YNL244C
YDR429C,YOR361C
YDR429C,YPL105C
YDR429C,YPR041W
YDR429C,YPR086W
YDR436W,YFR003C
YDR436W,YKL088W
YDR436W,YML016C
YDR436W,YMR311C
YDR436W,YOR054C
YDR436W,YPR005C
YDR439W,YFR028C
YDR443C,YFL028C
YDR443C,YKR036C
YDR443C,YNL288W
YDR443C,YNR052C
YDR443C,YOL135C
YDR443C,YOR140W
YDR443C,YPL042C
YDR448W,YER022W
YDR448W,YER148W
YDR448W,YGL066W
YDR448W,YGL112C
YDR448W,YGR252W
YDR448W,YGR274C
YDR448W,YHR041C
YDR448W,YHR099W
YDR448W,YMR223W
YDR448W,YMR236W
YDR448W,YOL135C
YDR448W,YOL148C
YDR448W,YOR119C
YDR448W,YPL181W
YDR448W,YPL248C
YDR448W,YPL254W
YDR449C,YER082C
YDR449C,YGR090W
YDR449C,YJL069C
YDR456W,YHL042W
YDR460W,YER171W
YDR460W,YPR025C
YDR466W,YJL095W
YDR468C,YGL095C
YDR468C,YGR172C
YDR468C,YKR020W
YDR468C,YOL018C
YDR469W,YHR119W
YDR469W,YLR015W
YDR469W,YPL138C
YDR472W,YML077W
YDR473C,YER172C
YDR473C,YFL017W-A
YDR473C,YGR091W
YDR473C,YHR165C
YDR473C,YJR022W
YDR473C,YLR147C
YDR473C,YPR178W
YDR477W,YMR104C
YDR477W,YNL025C
YDR477W,YOR351C
YDR480W,YGR040W
YDR480W,YHR084W
YDR480W,YKL161C
YDR480W,YMR199W
YDR480W,YPL049C
YDR484W,YJL029C
YDR484W,YKR020W
YDR484W,YLR262C
YDR485C,YGR002C
YDR485C,YNL107W
YDR490C,YML074C
YDR496C,YER161C
YDR496C,YHR066W
YDR496C,YHR089C
YDR496C,YIL035C
YDR496C,YKR081C
YDR496C,YLR074C
YDR496C,YLR175W
YDR496C,YNL061W
YDR496C,YNL175C
YDR496C,YPL043W
YDR496C,YPR016C
YDR498C,YGL145W
YDR498C,YLR268W
YDR498C,YOR075W
YDR507C,YHR107C
YDR507C,YKL101W
YDR507C,YLR314C
YDR507C,YNL166C
YDR508C,YPR025C
YEL003W,YLR200W
YEL003W,YML094W
YEL004W,YPL264C
YEL015W,YOL149W
YEL017C-A,YER005W
YEL017C-A,YHL042W
YEL017C-A,YJL108C
YEL017C-A,YKL154W
YEL017C-A,YLR083C
YEL017C-A,YLR372W
YEL018W,YFL024C
YEL018W,YHR099W
YEL026W,YER172C
YEL027W,YLR034C
YEL030W,YPL256C
YEL032W,YGL201C
YEL032W,YIL150C
YEL032W,YLR103C
YEL032W,YLR274W
YEL032W,YOR080W
YEL032W,YPR019W
YEL036C,YJL183W
YEL036C,YJR075W
YEL036C,YPL094C
YEL037C,YER148W
YEL037C,YPL122C
YEL043W,YGR119C
YEL051W,YGR020C
YEL051W,YJR033C
YEL051W,YKL080W
YEL051W,YMR054W
YEL051W,YOR270C
YEL051W,YPR036W
YEL053C,YPR051W
YEL055C,YLR196W
YEL056W,YLL022C
YEL056W,YPL001W
YEL062W,YKL048C
YEL062W,YLR096W
YEL063C,YHL042W
YEL063C,YHR133C
YEL063C,YHR142W
YEL063C,YKL154W
YEL063C,YLR343W
YEL063C,YLR372W
YEL063C,YOL132W
YEL063C,YOR254C
YEL063C,YPL076W
YEL063C,YPL227C
YER002W,YPR016C
YER006W,YER126C
YER006W,YGR103W
YER006W,YGR245C
YER006W,YHR197W
YER006W,YIL035C
YER006W,YKR081C
YER006W,YLR074C
YER006W,YMR049C
YER006W,YNL061W
YER006W,YNL110C
YER006W,YPL043W
YER009W,YLR293C
YER009W,YLR335W
YER009W,YLR347C
YER009W,YOR098C
YER013W,YLR117C
YER013W,YMR213W
YER018C,YMR117C
YER020W,YOR371C
YER021W,YGL004C
YER022W,YGL127C
YER022W,YGR104C
YER022W,YHR041C
YER022W,YHR058C
YER022W,YMR112C
YER022W,YOL135C
YER022W,YOR119C
YER022W,YPL042C
YER022W,YPL248C
YER025W,YJR007W
YER025W,YKR026C
YER025W,YLR291C
YER025W,YMR117C
YER025W,YOR212W
YER025W,YPR110C
YER027C,YNL183C
YER029C,YER172C
YER029C,YFL017W-A
YER029C,YGR074W
YER029C,YGR091W
YER029C,YHR165C
YER029C,YLR147C
YER029C,YLR298C
YER029C,YLR438C-A
YER029C,YMR240C
YER029C,YNR053C
YER031C,YGR172C
YER032W,YER118C
YER032W,YPR120C
YER033C,YMR109W
YER040W,YNL229C
YER041W,YLR449W
YER047C,YGL181W
YER056C,YOL132W
YER059W,YJL084C
YER059W,YLR079W
YER068W,YGR134W
YER068W,YIL038C
YER068W,YNL288W
YER068W,YNR052C
YER068W,YPR072W
YER075C,YHR030C
YER082C,YER161C
YER082C,YGR090W
YER082C,YGR128C
YER082C,YGR162W
YER082C,YJL109C
YER082C,YJR002W
YER082C,YLR129W
YER082C,YLR197W
YER082C,YLR409C
YER082C,YMR093W
YER082C,YNL132W
YER082C,YPL126W
YER082C,YPL217C
YER089C,YPL153C
YER092W,YLR052W
YER093C,YJL058C
YER093C,YKL126W
YER093C,YKL203C
YER093C,YNL006W
YER099C,YKL181W
YER099C,YOL061W
YER107C,YMR047C
YER110C,YLR293C
YER110C,YNL189W
YER111C,YLR182W
YER111C,YPL256C
YER112W,YER146W
YER112W,YER172C
YER112W,YGL173C
YER112W,YJL124C
YER112W,YJR022W
YER112W,YJR138W
YER112W,YLR269C
YER112W,YLR275W
YER112W,YNL118C
YER112W,YOL149W
YER114C,YHL007C
YER114C,YNL298W
YER118C,YHL002W
YER118C,YIL156W
YER118C,YNL152W
YER118C,YOR254C
YER122C,YGL137W
YER125W,YFR028C
YER125W,YJL140W
YER125W,YKR021W
YER125W,YNL243W
YER125W,YOL005C
YER125W,YOR151C
YER125W,YOR181W
YER126C,YGL111W
YER126C,YGR245C
YER126C,YHR066W
YER126C,YHR197W
YER126C,YKL009W
YER126C,YKR081C
YER126C,YLR074C
YER126C,YMR049C
YER126C,YMR290C
YER126C,YNL002C
YER126C,YNL061W
YER126C,YNL110C
YER126C,YNR053C
YER126C,YOR206W
YER126C,YPL093W
YER126C,YPR016C
YER129W,YER155C
YER129W,YFR028C
YER129W,YGL019W
YER129W,YGL115W
YER129W,YIL035C
YER129W,YKL042W
YER129W,YNL225C
YER129W,YOR061W
YER129W,YOR373W
YER132C,YLR310C
YER133W,YFR015C
YER133W,YFR028C
YER133W,YGR156W
YER133W,YGR238C
YER133W,YHR158C
YER133W,YKR002W
YER133W,YLR115W
YER133W,YPR107C
YER146W,YJL124C
YER146W,YJR022W
YER146W,YKL173W
YER146W,YKL209C
YER146W,YLR147C
YER146W,YLR275W
YER146W,YLR438C-A
YER146W,YMR268C
YER146W,YOL149W
YER146W,YOR320C
YER146W,YPR178W
YER148W,YFR034C
YER148W,YGL112C
YER148W,YGR104C
YER148W,YGR274C
YER148W,YHR041C
YER148W,YOR194C
YER148W,YPL122C
YER148W,YPR072W
YER148W,YPR086W
YER149C,YMR124W
YER157W,YGL223C
YER157W,YGR120C
YER157W,YHL031C
YER157W,YLR026C
YER157W,YLR268W
YER157W,YNL041C
YER157W,YNL287W
YER157W,YPR105C
YER161C,YGR090W
YER161C,YGR162W
YER161C,YHR066W
YER161C,YHR166C
YER161C,YIL035C
YER161C,YIR001C
YER162C,YHL025W
YER162C,YJR052W
YER162C,YMR201C
YER164W,YGL019W
YER164W,YIL035C
YER164W,YOR039W
YER164W,YOR061W
YER164W,YOR304W
YER165W,YGL049C
YER165W,YGR103W
YER165W,YGR162W
YER165W,YHR052W
YER165W,YKL068W
YER165W,YLR335W
YER165W,YNL175C
YER165W,YOL139C
YER167W,YGR238C
YER167W,YHR158C
YER167W,YLR096W
YER171W,YJR035W
YER171W,YMR201C
YER172C,YGR074W
YER172C,YGR075C
YER172C,YGR091W
YER172C,YHR165C
YER172C,YJR022W
YER172C,YKL173W
YER172C,YLR147C
YER172C,YLR438C-A
YER172C,YMR240C
YER172C,YNR053C
YER172C,YOR308C
YER172C,YPR082C
YER172C,YPR178W
YER173W,YJR068W
YER173W,YNL290W
YER173W,YPL194W
YER174C,YML036W
YER179W,YML064C
YFL002C,YKR081C
YFL002C,YMR049C
YFL002C,YNL061W
YFL005W,YGL161C
YFL005W,YGL198W
YFL005W,YPR017C
YFL008W,YFR031C
YFL008W,YIL026C
YFL008W,YIL144W
YFL008W,YJL074C
YFL008W,YJR112W
YFL008W,YMR001C
YFL008W,YMR117C
YFL008W,YNL084C
YFL008W,YNL250W
YFL008W,YOL069W
YFL008W,YPR141C
YFL009W,YLR079W
YFL009W,YOR057W
YFL012W,YPL111W
YFL017W-A,YGR013W
YFL017W-A,YGR074W
YFL017W-A,YGR091W
YFL017W-A,YIL061C
YFL017W-A,YJL203W
YFL017W-A,YKL012W
YFL017W-A,YKL173W
YFL017W-A,YLL036C
YFL017W-A,YLR117C
YFL017W-A,YLR147C
YFL017W-A,YLR275W
YFL017W-A,YLR298C
YFL017W-A,YML049C
YFL017W-A,YMR240C
YFL017W-A,YMR288W
YFL017W-A,YOR308C
YFL017W-A,YPL213W
YFL017W-A,YPR057W
YFL017W-A,YPR082C
YFL017W-A,YPR178W
YFL024C,YGR002C
YFL024C,YJL081C
YFL024C,YNL107W
YFL024C,YOR244W
YFL033C,YPL031C
YFL047W,YOR231W
YFL048C,YLR080W
YFL048C,YPR003C
YFL049W,YOR119C
YFL049W,YPL016W
YFR001W,YNL061W
YFR001W,YPR016C
YFR002W,YGL172W
YFR002W,YGR119C
YFR002W,YHR135C
YFR002W,YJL039C
YFR002W,YJL041W
YFR002W,YML103C
YFR002W,YMR129W
YFR002W,YMR153W
YFR002W,YMR308C
YFR008W,YJL061W
YFR008W,YLR423C
YFR008W,YMR052W
YFR009W,YGL195W
YFR013W,YLR095C
YFR015C,YGL134W
YFR015C,YPL219W
YFR021W,YFR040W
YFR021W,YGL190C
YFR021W,YHR103W
YFR024C-A,YMR109W
YFR024C-A,YNL020C
YFR027W,YIL026C
YFR028C,YGL003C
YFR028C,YGL115W
YFR028C,YGR040W
YFR028C,YGR052W
YFR028C,YGR092W
YFR028C,YGR097W
YFR028C,YHR030C
YFR028C,YIL035C
YFR028C,YIL095W
YFR028C,YJL076W
YFR028C,YJR053W
YFR028C,YJR057W
YFR028C,YKR010C
YFR028C,YLR019W
YFR028C,YLR096W
YFR028C,YML064C
YFR028C,YMR049C
YFR028C,YMR055C
YFR028C,YMR270C
YFR028C,YOR061W
YFR031C,YJL074C
YFR031C,YMR065W
YFR031C,YOL115W
YFR031C,YOR195W
YFR034C,YPL122C
YFR036W,YGL240W
YFR036W,YHR166C
YFR036W,YKL022C
YFR036W,YLR127C
YFR036W,YNL172W
YFR036W,YOR249C
YFR037C,YIL126W
YFR037C,YLR176C
YFR037C,YLR321C
YFR037C,YMR091C
YFR040W,YLR222C
YFR051C,YGL137W
YFR051C,YIL004C
YFR051C,YIL076W
YFR051C,YLR268W
YFR052W,YGL004C
YGL003C,YHR166C
YGL003C,YJL106W
YGL003C,YMR001C
YGL003C,YPR119W
YGL004C,YGR232W
YGL004C,YIL007C
YGL016W,YOR194C
YGL019W,YGL115W
YGL019W,YGL207W
YGL019W,YGR090W
YGL019W,YGR116W
YGL019W,YIL035C
YGL019W,YIL118W
YGL019W,YIL131C
YGL019W,YJL069C
YGL019W,YKL112W
YGL019W,YLR019W
YGL019W,YMR172W
YGL019W,YNL061W
YGL019W,YNL207W
YGL019W,YOL004W
YGL019W,YOL145C
YGL019W,YOR061W
YGL019W,YOR119C
YGL022W,YGL226C-A
YGL022W,YOR085W
YGL022W,YOR103C
YGL025C,YGR104C
YGL025C,YOL051W
YGL027C,YIL022W
YGL042C,YOL003C
YGL044C,YMR061W
YGL044C,YOR250C
YGL049C,YHR086W
YGL049C,YIR001C
YGL049C,YJL138C
YGL049C,YJR007W
YGL049C,YNL016W
YGL049C,YOL139C
YGL049C,YPL178W
YGL051W,YHL048W
YGL051W,YHR140W
YGL051W,YPL076W
YGL051W,YPL264C
YGL051W,YPR156C
YGL051W,YPR198W
YGL060W,YJL020C
YGL061C,YGR113W
YGL061C,YKR037C
YGL061C,YPL209C
YGL066W,YMR223W
YGL066W,YPL047W
YGL070C,YGR005C
YGL070C,YIL021W
YGL070C,YOR151C
YGL070C,YOR224C
YGL070C,YPL129W
YGL070C,YPR187W
YGL075C,YPL255W
YGL086W,YGL116W
YGL086W,YJL030W
YGL092W,YGL100W
YGL092W,YGL172W
YGL092W,YGR119C
YGL092W,YGR218W
YGL092W,YJR042W
YGL092W,YKL068W
YGL092W,YLR347C
YGL092W,YMR153W
YGL092W,YMR308C
YGL093W,YJR112W
YGL095C,YKL196C
YGL095C,YOL018C
YGL097W,YGR218W
YGL097W,YLR293C
YGL097W,YLR335W
YGL097W,YOR098C
YGL099W,YGR245C
YGL099W,YHR170W
YGL100W,YJR042W
YGL100W,YKL057C
YGL104C,YIL016W
YGL104C,YPL076W
YGL106W,YHR023W
YGL111W,YGR097W
YGL111W,YHR066W
YGL111W,YHR088W
YGL111W,YKR081C
YGL111W,YLR002C
YGL111W,YMR049C
YGL111W,YNL061W
YGL111W,YNL110C
YGL111W,YOR005C
YGL111W,YOR272W
YGL111W,YPL093W
YGL111W,YPR016C
YGL112C,YGR252W
YGL112C,YGR274C
YGL112C,YLR055C
YGL112C,YML098W
YGL112C,YMR227C
YGL112C,YMR236W
YGL112C,YOR119C
YGL112C,YPL248C
YGL115W,YGL158W
YGL115W,YIL035C
YGL116W,YPL140C
YGL120C,YGL128C
YGL120C,YKL095W
YGL120C,YLR117C
YGL120C,YMR213W
YGL120C,YPL151C
YGL122C,YMR255W
YGL124C,YLR148W
YGL124C,YMR231W
YGL127C,YGR104C
YGL127C,YHR058C
YGL127C,YNR010W
YGL127C,YOL135C
YGL127C,YOR119C
YGL127C,YOR174W
YGL127C,YPR168W
YGL128C,YHR165C
YGL128C,YMR213W
YGL129C,YHL004W
YGL130W,YMR309C
YGL130W,YOL145C
YGL130W,YPL228W
YGL133W,YLR176C
YGL133W,YOR304W
YGL134W,YJL137C
YGL137W,YGR092W
YGL137W,YIL004C
YGL137W,YIL076W
YGL137W,YKL166C
YGL137W,YLR078C
YGL137W,YLR268W
YGL137W,YNL250W
YGL137W,YPL010W
YGL145W,YOR075W
YGL151W,YGR104C
YGL151W,YNL025C
YGL151W,YOL135C
YGL153W,YLR191W
YGL153W,YNL214W
YGL153W,YOR180C
YGL158W,YGR071C
YGL158W,YHR107C
YGL158W,YJR092W
YGL158W,YOR018W
YGL161C,YGL198W
YGL161C,YGR172C
YGL170C,YGR218W
YGL171W,YMR093W
YGL172W,YGR119C
YGL172W,YHR216W
YGL172W,YJR042W
YGL172W,YKR082W
YGL172W,YLR335W
YGL172W,YLR347C
YGL172W,YMR308C
YGL173C,YJR022W
YGL173C,YNL118C
YGL178W,YNR052C
YGL180W,YPR185W
YGL181W,YGR241C
YGL181W,YHR016C
YGL181W,YOR284W
YGL181W,YOR333C
YGL181W,YPR171W
YGL190C,YJL020C
YGL190C,YJR138W
YGL190C,YKL129C
YGL190C,YML109W
YGL190C,YMR109W
YGL190C,YMR273C
YGL190C,YNR032W
YGL194C,YIL112W
YGL194C,YKR029C
YGL194C,YMR273C
YGL197W,YLR310C
YGL197W,YMR109W
YGL197W,YNL025C
YGL198W,YGR172C
YGL198W,YNL093W
YGL201C,YIL150C
YGL201C,YLR274W
YGL201C,YMR109W
YGL201C,YPR019W
YGL206C,YHR030C
YGL206C,YIL095W
YGL207W,YIL035C
YGL207W,YOL054W
YGL207W,YOL145C
YGL207W,YOR039W
YGL210W,YNL263C
YGL212W,YKL196C
YGL212W,YML001W
YGL212W,YOR106W
YGL213C,YLR398C
YGL223C,YGR120C
YGL223C,YLR026C
YGL223C,YNL041C
YGL226C-A,YOR085W
YGL226C-A,YOR103C
YGL229C,YHR186C
YGL229C,YJR066W
YGL229C,YNL076W
YGL229C,YPL180W
YGL233W,YGR152C
YGL233W,YLR166C
YGL234W,YJR068W
YGL237C,YKL214C
YGL237C,YNR031C
YGL237C,YOR358W
YGL240W,YHR166C
YGL240W,YKL022C
YGL240W,YLR127C
YGL240W,YNL172W
YGL240W,YOR249C
YGL244W,YLR418C
YGL244W,YML010W
YGL244W,YOL145C
YGL244W,YOR123C
YGR002C,YHR090C
YGR002C,YHR099W
YGR002C,YJL081C
YGR002C,YLR385C
YGR002C,YML041C
YGR002C,YNL107W
YGR002C,YOR244W
YGR002C,YPL235W
YGR005C,YIL021W
YGR005C,YPL129W
YGR009C,YPL232W
YGR010W,YLR328W
YGR013W,YGR074W
YGR013W,YHR086W
YGR013W,YIL061C
YGR013W,YKL012W
YGR013W,YLR147C
YGR013W,YLR275W
YGR013W,YLR298C
YGR013W,YML046W
YGR013W,YMR125W
YGR013W,YPL178W
YGR020C,YHR060W
YGR040W,YHR084W
YGR040W,YKL161C
YGR047C,YGR246C
YGR047C,YOR110W
YGR052W,YJR066W
YGR052W,YNL076W
YGR058W,YNL047C
YGR071C,YPL128C
YGR072W,YHR077C
YGR072W,YMR080C
YGR074W,YGR091W
YGR074W,YJL203W
YGR074W,YKL173W
YGR074W,YLR147C
YGR074W,YLR298C
YGR074W,YML046W
YGR074W,YMR125W
YGR075C,YLR147C
YGR078C,YLR200W
YGR078C,YML094W
YGR078C,YNL153C
YGR083C,YIL131C
YGR083C,YJR007W
YGR083C,YKR026C
YGR083C,YLR291C
YGR083C,YOR260W
YGR084C,YHL004W
YGR089W,YPR141C
YGR090W,YGR128C
YGR090W,YHR013C
YGR090W,YHR148W
YGR090W,YIL035C
YGR090W,YJL069C
YGR090W,YJL109C
YGR090W,YJR002W
YGR090W,YKR060W
YGR090W,YLR129W
YGR090W,YLR409C
YGR090W,YMR128W
YGR090W,YNL061W
YGR090W,YNL132W
YGR090W,YNL207W
YGR090W,YOR061W
YGR090W,YOR145C
YGR090W,YPL126W
YGR090W,YPR144C
YGR091W,YHR165C
YGR091W,YJR022W
YGR091W,YKL173W
YGR091W,YLR147C
YGR091W,YLR275W
YGR091W,YLR438C-A
YGR091W,YOR308C
YGR091W,YPR082C
YGR091W,YPR178W
YGR092W,YHR030C
YGR092W,YIL106W
YGR095C,YGR158C
YGR095C,YGR195W
YGR095C,YHR069C
YGR095C,YHR081W
YGR095C,YNL189W
YGR095C,YNL232W
YGR095C,YOL021C
YGR095C,YOL142W
YGR095C,YOR001W
YGR097W,YLR096W
YGR097W,YMR049C
YGR097W,YOR014W
YGR097W,YOR061W
YGR097W,YPL093W
YGR103W,YGR245C
YGR103W,YHR066W
YGR103W,YHR197W
YGR103W,YIL035C
YGR103W,YIR026C
YGR103W,YKL021C
YGR103W,YKR081C
YGR103W,YLR074C
YGR103W,YMR049C
YGR103W,YMR229C
YGR103W,YMR290C
YGR103W,YNL061W
YGR103W,YNL110C
YGR103W,YNL175C
YGR103W,YOR005C
YGR103W,YOR061W
YGR103W,YOR272W
YGR103W,YPL043W
YGR103W,YPR016C
YGR104C,YHR041C
YGR104C,YHR058C
YGR104C,YLR071C
YGR104C,YMR112C
YGR104C,YNL025C
YGR104C,YNL236W
YGR104C,YNR010W
YGR104C,YOL051W
YGR104C,YOL135C
YGR104C,YOR174W
YGR104C,YPL042C
YGR104C,YPL248C
YGR104C,YPR070W
YGR104C,YPR168W
YGR109C,YJL157C
YGR109C,YPL256C
YGR113W,YKR037C
YGR113W,YPL209C
YGR116W,YOR061W
YGR116W,YPR133C
YGR119C,YGR218W
YGR119C,YJR042W
YGR119C,YKL057C
YGR119C,YKR082W
YGR119C,YLR335W
YGR119C,YLR347C
YGR119C,YMR294W
YGR119C,YMR308C
YGR119C,YPR083W
YGR120C,YLR026C
YGR120C,YLR423C
YGR120C,YMR025W
YGR120C,YNL041C
YGR120C,YOR158W
YGR120C,YPR105C
YGR120C,YPR185W
YGR129W,YJR050W
YGR129W,YLL036C
YGR129W,YLR117C
YGR129W,YMR213W
YGR134W,YIL038C
YGR134W,YNL288W
YGR134W,YNR052C
YGR134W,YPR072W
YGR136W,YLR191W
YGR136W,YNL293W
YGR140W,YGR179C
YGR140W,YJR060W
YGR140W,YJR089W
YGR140W,YMR094W
YGR140W,YPL018W
YGR140W,YPL209C
YGR145W,YNL132W
YGR152C,YPL161C
YGR156W,YJL033W
YGR156W,YJR093C
YGR156W,YKL059C
YGR156W,YKR002W
YGR156W,YLR115W
YGR156W,YNL317W
YGR156W,YOR179C
YGR156W,YPR107C
YGR158C,YGR195W
YGR158C,YNL232W
YGR158C,YOL021C
YGR162W,YIL035C
YGR162W,YJL138C
YGR162W,YOL139C
YGR162W,YOR276W
YGR162W,YPL178W
YGR163W,YKR007W
YGR166W,YKR068C
YGR166W,YOR197W
YGR172C,YNL044W
YGR172C,YNL263C
YGR172C,YPL095C
YGR179C,YMR168C
YGR179C,YPL018W
YGR186W,YIL021W
YGR186W,YPL129W
YGR191W,YHL042W
YGR195W,YHR069C
YGR195W,YNL189W
YGR195W,YNL232W
YGR195W,YOL021C
YGR195W,YOL142W
YGR195W,YOR001W
YGR196C,YOR231W
YGR199W,YHL042W
YGR200C,YHR187W
YGR200C,YKL110C
YGR200C,YLR384C
YGR200C,YMR312W
YGR200C,YPL086C
YGR200C,YPL101W
YGR215W,YHL004W
YGR218W,YMR047C
YGR232W,YIL007C
YGR233C,YIL050W
YGR233C,YOL001W
YGR233C,YPL031C
YGR238C,YHR158C
YGR238C,YJL187C
YGR241C,YNL020C
YGR245C,YHR197W
YGR245C,YKR081C
YGR245C,YLR074C
YGR245C,YLR106C
YGR245C,YNL002C
YGR245C,YNL110C
YGR245C,YNL182C
YGR245C,YNR053C
YGR245C,YPL093W
YGR245C,YPR016C
YGR246C,YNL039W
YGR252W,YHR099W
YGR252W,YMR223W
YGR252W,YOR119C
YGR252W,YPL254W
YGR261C,YOR106W
YGR261C,YPL195W
YGR262C,YML036W
YGR267C,YIR034C
YGR270W,YPL115C
YGR274C,YIL038C
YGR274C,YKR001C
YGR274C,YML015C
YGR274C,YML098W
YGR274C,YMR005W
YGR274C,YMR227C
YGR274C,YMR236W
YGR274C,YPL011C
YGR274C,YPR072W
YGR278W,YMR213W
YGR285C,YHR064C
YHL002W,YIL156W
YHL002W,YIR003W
YHL002W,YMR109W
YHL002W,YNR006W
YHL003C,YKL008C
YHL004W,YIL093C
YHL004W,YOR158W
YHL006C,YLR376C
YHL007C,YPL022W
YHL011C,YKL181W
YHL019C,YKL135C
YHL019C,YLR170C
YHL025W,YNR023W
YHL025W,YOR119C
YHL031C,YLR026C
YHL042W,YIL016W
YHL042W,YJL117W
YHL042W,YJR010C-A
YHL042W,YLR018C
YHL042W,YLR372W
YHL042W,YML048W
YHL042W,YMR264W
YHL042W,YOR016C
YHL042W,YOR254C
YHL042W,YPL076W
YHL042W,YPL264C
YHL048W,YHR140W
YHL048W,YHR142W
YHL048W,YIL016W
YHL048W,YJL108C
YHL048W,YJL117W
YHL048W,YKL004W
YHL048W,YKL008C
YHL048W,YKL154W
YHL048W,YLR372W
YHL048W,YOL003C
YHL048W,YOR016C
YHL048W,YOR254C
YHL048W,YPL076W
YHL048W,YPR156C
YHR012W,YJL053W
YHR012W,YJL154C
YHR012W,YJL187C
YHR012W,YOR069W
YHR016C,YIL095W
YHR016C,YIL156W
YHR016C,YKL129C
YHR016C,YMR109W
YHR016C,YNL084C
YHR016C,YOR181W
YHR016C,YOR284W
YHR016C,YPL246C
YHR016C,YPL249C
YHR016C,YPR171W
YHR024C,YHR120W
YHR030C,YIL106W
YHR030C,YLR175W
YHR030C,YLR180W
YHR030C,YML064C
YHR030C,YNR031C
YHR030C,YOR231W
YHR030C,YPL140C
YHR030C,YPR054W
YHR030C,YPR111W
YHR041C,YOL135C
YHR041C,YPL248C
YHR052W,YHR066W
YHR052W,YHR197W
YHR052W,YIL035C
YHR052W,YIR026C
YHR052W,YKL172W
YHR052W,YKR081C
YHR052W,YLR074C
YHR052W,YMR049C
YHR052W,YMR093W
YHR052W,YMR229C
YHR052W,YNL061W
YHR052W,YNL110C
YHR052W,YNL132W
YHR052W,YNL175C
YHR052W,YOR005C
YHR052W,YOR061W
YHR052W,YOR080W
YHR052W,YOR206W
YHR052W,YOR272W
YHR052W,YPL043W
YHR058C,YOL051W
YHR058C,YOL135C
YHR058C,YOR119C
YHR060W,YKL119C
YHR061C,YHR107C
YHR061C,YML109W
YHR061C,YMR273C
YHR061C,YPL161C
YHR066W,YHR088W
YHR066W,YIL035C
YHR066W,YKL014C
YHR066W,YKL172W
YHR066W,YKR081C
YHR066W,YLL008W
YHR066W,YLR276C
YHR066W,YMR049C
YHR066W,YMR290C
YHR066W,YNL002C
YHR066W,YNL061W
YHR066W,YOR080W
YHR066W,YOR206W
YHR066W,YOR272W
YHR066W,YPL043W
YHR066W,YPL093W
YHR066W,YPL211W
YHR066W,YPR016C
YHR068W,YOR098C
YHR069C,YHR081W
YHR069C,YNL189W
YHR069C,YNL232W
YHR069C,YOL021C
YHR077C,YMR080C
YHR077C,YOR076C
YHR081W,YOL021C
YHR081W,YOR001W
YHR082C,YJL106W
YHR082C,YJR066W
YHR082C,YKL161C
YHR082C,YPL180W
YHR084W,YKL161C
YHR084W,YMR043W
YHR084W,YPL049C
YHR085W,YHR197W
YHR086W,YIL061C
YHR086W,YKL012W
YHR086W,YLR275W
YHR086W,YML046W
YHR086W,YPL178W
YHR088W,YMR290C
YHR088W,YNL061W
YHR088W,YNL110C
YHR088W,YOR272W
YHR088W,YPR016C
YHR089C,YKL014C
YHR089C,YLR175W
YHR089C,YNL061W
YHR089C,YPL012W
YHR089C,YPL043W
YHR090C,YHR099W
YHR090C,YNL107W
YHR090C,YOR244W
YHR094C,YJL012C
YHR094C,YLL006W
YHR094C,YML048W
YHR099W,YMR223W
YHR099W,YMR236W
YHR099W,YPL254W
YHR107C,YJR076C
YHR107C,YLR314C
YHR107C,YNL166C
YHR107C,YPL161C
YHR114W,YIR003W
YHR114W,YJL020C
YHR114W,YKL129C
YHR114W,YLR337C
YHR114W,YMR109W
YHR114W,YOR181W
YHR114W,YPL277C
YHR115C,YLR215C
YHR115C,YNL116W
YHR115C,YNL311C
YHR118C,YJL194W
YHR118C,YLL004W
YHR118C,YML065W
YHR118C,YNL261W
YHR118C,YPR162C
YHR119W,YKL018W
YHR119W,YLR015W
YHR119W,YPL138C
YHR121W,YLL013C
YHR129C,YMR294W
YHR129C,YPL174C
YHR133C,YLR343W
YHR133C,YLR372W
YHR133C,YPL227C
YHR133C,YPL274W
YHR135C,YKL166C
YHR135C,YNL093W
YHR135C,YNL154C
YHR140W,YIL016W
YHR140W,YJL214W
YHR140W,YKL006C-A
YHR140W,YLR018C
YHR140W,YLR343W
YHR140W,YMR279C
YHR140W,YOL003C
YHR140W,YOL132W
YHR140W,YPL264C
YHR140W,YPR156C
YHR142W,YIL016W
YHR142W,YJR015W
YHR142W,YKL154W
YHR142W,YLR372W
YHR142W,YNR013C
YHR143W-A,YIL021W
YHR148W,YJR002W
YHR149C,YMR273C
YHR158C,YJL187C
YHR165C,YKL173W
YHR165C,YLL036C
YHR165C,YLR147C
YHR165C,YML046W
YHR165C,YMR213W
YHR165C,YOR308C
YHR165C,YPR178W
YHR166C,YKL022C
YHR166C,YLR102C
YHR166C,YLR127C
YHR166C,YNL172W
YHR166C,YOR249C
YHR172W,YLR045C
YHR172W,YLR212C
YHR172W,YNL126W
YHR186C,YJL106W
YHR186C,YJR066W
YHR186C,YNL006W
YHR186C,YNL076W
YHR186C,YNL183C
YHR186C,YPL180W
YHR187W,YKL110C
YHR187W,YLR384C
YHR187W,YMR312W
YHR187W,YPL086C
YHR187W,YPL101W
YHR188C,YLR088W
YHR191C,YJR068W
YHR191C,YMR078C
YHR191C,YNL290W
YHR191C,YOL094C
YHR196W,YPL126W
YHR197W,YKL009W
YHR197W,YKR081C
YHR197W,YLR074C
YHR197W,YLR106C
YHR197W,YNL002C
YHR197W,YNL110C
YHR197W,YNL182C
YHR197W,YNR053C
YHR197W,YPL093W
YHR197W,YPL131W
YHR197W,YPR016C
YHR206W,YLR433C
YHR216W,YLR347C
YIL004C,YIL076W
YIL004C,YIL109C
YIL004C,YLR026C
YIL004C,YLR078C
YIL004C,YPL010W
YIL004C,YPR181C
YIL016W,YKL008C
YIL016W,YLR018C
YIL016W,YML067C
YIL016W,YMR215W
YIL016W,YPL076W
YIL016W,YPL274W
YIL021W,YLR384C
YIL021W,YOL005C
YIL021W,YOR151C
YIL021W,YOR224C
YIL021W,YPR093C
YIL026C,YJL074C
YIL026C,YMR001C
YIL034C,YKL007W
YIL035C,YIL131C
YIL035C,YJL069C
YIL035C,YJL076W
YIL035C,YKL112W
YIL035C,YKR010C
YIL035C,YLR019W
YIL035C,YMR049C
YIL035C,YMR172W
YIL035C,YMR290C
YIL035C,YNL061W
YIL035C,YNL132W
YIL035C,YNL207W
YIL035C,YOL145C
YIL035C,YOR061W
YIL035C,YOR119C
YIL035C,YOR341W
YIL035C,YPL042C
YIL035C,YPL043W
YIL035C,YPL093W
YIL035C,YPR016C
YIL035C,YPR110C
YIL035C,YPR143W
YIL038C,YNL288W
YIL038C,YNR052C
YIL038C,YPR072W
YIL046W,YNL103W
YIL048W,YJL124C
YIL050W,YLR190W
YIL061C,YKL012W
YIL061C,YLR298C
YIL061C,YML046W
YIL061C,YMR125W
YIL061C,YPL178W
YIL068C,YPR055W
YIL071C,YOL117W
YIL076W,YLR268W
YIL079C,YML056C
YIL079C,YMR216C
YIL079C,YNL004W
YIL079C,YOL115W
YIL084C,YNL330C
YIL084C,YOL004W
YIL095W,YIR006C
YIL095W,YLR337C
YIL095W,YNL084C
YIL104C,YNL124W
YIL105C,YMR068W
YIL105C,YOR014W
YIL106W,YKL126W
YIL106W,YPR111W
YIL109C,YLR026C
YIL109C,YLR078C
YIL109C,YPL085W
YIL109C,YPR181C
YIL112W,YKR029C
YIL112W,YMR273C
YIL115C,YJL041W
YIL115C,YJL061W
YIL115C,YMR047C
YIL115C,YOR046C
YIL115C,YOR160W
YIL115C,YPR119W
YIL118W,YOR061W
YIL126W,YLR176C
YIL126W,YLR321C
YIL128W,YPR110C
YIL131C,YJL076W
YIL131C,YJR007W
YIL131C,YKR026C
YIL131C,YOL004W
YIL131C,YOR061W
YIL131C,YPL237W
YIL142W,YKR036C
YIL142W,YLL011W
YIL142W,YOR212W
YIL143C,YPL122C
YIL144W,YJR112W
YIL144W,YMR117C
YIL144W,YOL069W
YIL150C,YPR019W
YIL156W,YKL129C
YIL156W,YMR109W
YIL159W,YKL129C
YIL159W,YMR109W
YIR001C,YNL016W
YIR003W,YKL007W
YIR003W,YKL129C
YIR003W,YLR191W
YIR003W,YMR109W
YIR006C,YNL020C
YIR006C,YNL084C
YIR008C,YNL102W
YIR008C,YNL262W
YIR008C,YNR052C
YIR009W,YPL213W
YIR022W,YOL132W
YIR023W,YJR066W
YIR023W,YNL314W
YIR026C,YMR049C
YIR026C,YMR229C
YJL002C,YJR015W
YJL002C,YMR149W
YJL002C,YOR085W
YJL002C,YPL076W
YJL004C,YPL264C
YJL005W,YMR059W
YJL006C,YKL139W
YJL006C,YML112W
YJL008C,YNL290W
YJL008C,YOL094C
YJL011C,YKL144C
YJL011C,YNR003C
YJL011C,YOR116C
YJL011C,YOR210W
YJL011C,YOR224C
YJL011C,YPR110C
YJL020C,YKL129C
YJL020C,YLR144C
YJL020C,YLR337C
YJL020C,YMR109W
YJL020C,YMR162C
YJL020C,YNL094W
YJL020C,YOR181W
YJL020C,YPR091C
YJL020C,YPR171W
YJL024C,YPL195W
YJL029C,YKR020W
YJL029C,YLR262C
YJL033W,YJR093C
YJL033W,YLR175W
YJL033W,YLR197W
YJL033W,YLR277C
YJL033W,YMR061W
YJL033W,YMR290C
YJL033W,YNL317W
YJL033W,YOR310C
YJL041W,YJL061W
YJL041W,YLR293C
YJL041W,YMR308C
YJL047C,YOL063C
YJL047C,YOL133W
YJL047C,YPR164W
YJL053W,YJL154C
YJL053W,YOR069W
YJL054W,YOR297C
YJL058C,YKL203C
YJL058C,YNL006W
YJL061W,YKL061W
YJL061W,YMR047C
YJL061W,YOR098C
YJL061W,YPR119W
YJL069C,YJL109C
YJL069C,YKL099C
YJL069C,YKR060W
YJL069C,YLR129W
YJL069C,YLR197W
YJL069C,YLR222C
YJL069C,YLR409C
YJL069C,YMR093W
YJL069C,YNL132W
YJL069C,YOR061W
YJL069C,YPL126W
YJL074C,YOL069W
YJL076W,YKR010C
YJL076W,YLR019W
YJL076W,YOR061W
YJL076W,YOR119C
YJL076W,YOR341W
YJL081C,YOR244W
YJL087C,YKL108W
YJL090C,YKL108W
YJL091C,YMR215W
YJL091C,YPL076W
YJL095W,YOR231W
YJL098W,YNL076W
YJL098W,YNL107W
YJL098W,YOL139C
YJL098W,YOR061W
YJL098W,YOR244W
YJL098W,YPL204W
YJL098W,YPR111W
YJL106W,YMR001C
YJL106W,YNL006W
YJL108C,YPL076W
YJL109C,YMR093W
YJL110C,YKR034W
YJL110C,YNL021W
YJL111W,YMR028W
YJL115W,YMR127C
YJL115W,YOR213C
YJL117W,YKL008C
YJL117W,YLR018C
YJL117W,YML123C
YJL117W,YNL101W
YJL117W,YOL065C
YJL117W,YPL076W
YJL117W,YPL264C
YJL124C,YJR022W
YJL124C,YLR438C-A
YJL124C,YNL118C
YJL124C,YOL149W
YJL124C,YOR320C
YJL128C,YLR006C
YJL128C,YNL053W
YJL138C,YJR007W
YJL138C,YNL244C
YJL138C,YOL139C
YJL138C,YOR351C
YJL152W,YOR281C
YJL154C,YJR110W
YJL154C,YOR069W
YJL157C,YNR031C
YJL176C,YOR038C
YJL176C,YPL016W
YJL183W,YJR075W
YJL184W,YKR038C
YJL184W,YML036W
YJL187C,YKL042W
YJL194W,YML065W
YJL194W,YNL261W
YJL194W,YPR162C
YJL196C,YNL101W
YJL196C,YPL076W
YJL199C,YPL070W
YJL203W,YMR240C
YJL203W,YNR053C
YJL214W,YLR372W
YJL214W,YML048W
YJL214W,YPR198W
YJL218W,YPL070W
YJL219W,YJR161C
YJL222W,YML048W
YJR002W,YNL075W
YJR005W,YJR058C
YJR005W,YOL062C
YJR006W,YJR043C
YJR007W,YKR026C
YJR007W,YOL139C
YJR007W,YOR260W
YJR007W,YPL237W
YJR010C-A,YKL008C
YJR015W,YLR372W
YJR015W,YMR149W
YJR022W,YKL173W
YJR022W,YLR147C
YJR022W,YMR268C
YJR022W,YNL118C
YJR022W,YNL147W
YJR022W,YOL149W
YJR022W,YOR308C
YJR022W,YPR178W
YJR042W,YKL057C
YJR042W,YKL068W
YJR042W,YKR082W
YJR050W,YLL036C
YJR050W,YLR117C
YJR050W,YMR213W
YJR052W,YLR442C
YJR052W,YMR201C
YJR053W,YML064C
YJR053W,YMR055C
YJR056C,YNR012W
YJR057W,YMR270C
YJR058C,YOL062C
YJR060W,YKL089W
YJR060W,YMR094W
YJR060W,YMR168C
YJR060W,YNL103W
YJR063W,YNL113W
YJR063W,YOR210W
YJR063W,YOR224C
YJR063W,YOR340C
YJR063W,YOR341W
YJR063W,YPR010C
YJR063W,YPR110C
YJR063W,YPR187W
YJR066W,YKL161C
YJR066W,YKL171W
YJR066W,YNL006W
YJR066W,YNL076W
YJR066W,YNL183C
YJR066W,YNL229C
YJR066W,YNL314W
YJR066W,YPL180W
YJR068W,YNL290W
YJR068W,YOL094C
YJR068W,YOR144C
YJR076C,YLR314C
YJR076C,YNL166C
YJR076C,YPL161C
YJR089W,YPL209C
YJR090C,YOL133W
YJR093C,YKL059C
YJR093C,YKR002W
YJR093C,YLR115W
YJR093C,YLR277C
YJR093C,YMR061W
YJR093C,YNL317W
YJR093C,YPR107C
YJR102C,YLR417W
YJR102C,YMR077C
YJR102C,YPL002C
YJR110W,YOR069W
YJR112W,YMR198W
YJR112W,YNL250W
YJR112W,YOL069W
YJR112W,YPR141C
YJR138W,YLR438C-A
YJR144W,YPR161C
YKL007W,YPR171W
YKL008C,YLR372W
YKL008C,YPL076W
YKL008C,YPL264C
YKL009W,YLR074C
YKL009W,YMR049C
YKL009W,YNL061W
YKL009W,YPR016C
YKL012W,YLR298C
YKL012W,YMR125W
YKL013C,YKL129C
YKL013C,YMR109W
YKL014C,YNL061W
YKL014C,YPL043W
YKL018W,YKL059C
YKL018W,YLR015W
YKL018W,YLR115W
YKL018W,YLR277C
YKL018W,YNL317W
YKL018W,YOR179C
YKL018W,YPL138C
YKL021C,YMR049C
YKL021C,YNL061W
YKL021C,YPR016C
YKL022C,YLR102C
YKL022C,YLR127C
YKL022C,YNL172W
YKL022C,YOR249C
YKL028W,YKR062W
YKL028W,YOL051W
YKL042W,YNL225C
YKL042W,YOL069W
YKL042W,YPL124W
YKL048C,YLR096W
YKL052C,YKR083C
YKL057C,YLR208W
YKL058W,YOR194C
YKL059C,YKR002W
YKL059C,YLR115W
YKL059C,YLR277C
YKL059C,YMR061W
YKL059C,YNL317W
YKL059C,YPR107C
YKL061W,YNL086W
YKL068W,YKR082W
YKL068W,YLR335W
YKL068W,YLR347C
YKL068W,YMR308C
YKL074C,YLR116W
YKL074C,YML046W
YKL074C,YMR216C
YKL074C,YPL105C
YKL080W,YMR054W
YKL080W,YOR270C
YKL088W,YML016C
YKL095W,YKL173W
YKL095W,YLL036C
YKL095W,YLR117C
YKL095W,YPL151C
YKL095W,YPR101W
YKL110C,YPL086C
YKL112W,YOR039W
YKL112W,YOR061W
YKL122C,YPR088C
YKL129C,YLR337C
YKL129C,YMR109W
YKL129C,YNL025C
YKL129C,YNL084C
YKL129C,YNL094W
YKL129C,YNL271C
YKL129C,YOR181W
YKL129C,YPL277C
YKL135C,YLR170C
YKL135C,YPL259C
YKL135C,YPR029C
YKL139W,YML112W
YKL143W,YNL207W
YKL143W,YPL204W
YKL144C,YKR025W
YKL144C,YNR003C
YKL144C,YOR116C
YKL144C,YOR207C
YKL144C,YOR210W
YKL144C,YOR224C
YKL144C,YPR110C
YKL144C,YPR187W
YKL144C,YPR190C
YKL154W,YML067C
YKL154W,YPL076W
YKL154W,YPL274W
YKL161C,YPL049C
YKL161C,YPL140C
YKL166C,YNL227C
YKL166C,YOR151C
YKL171W,YKL203C
YKL171W,YPR181C
YKL172W,YKR081C
YKL172W,YMR049C
YKL172W,YNL175C
YKL172W,YOR294W
YKL173W,YLR117C
YKL173W,YLR147C
YKL173W,YMR213W
YKL173W,YNL147W
YKL173W,YOR159C
YKL173W,YPR178W
YKL181W,YOL061W
YKL203C,YMR068W
YKL203C,YNL006W
YKL203C,YNL229C
YKR001C,YLR176C
YKR001C,YPL082C
YKR002W,YLR115W
YKR002W,YMR061W
YKR002W,YNL222W
YKR002W,YNL317W
YKR002W,YPR107C
YKR010C,YOR061W
YKR020W,YLR262C
YKR025W,YNR003C
YKR025W,YOR116C
YKR025W,YPR110C
YKR026C,YLR291C
YKR026C,YOR260W
YKR026C,YPL204W
YKR026C,YPL237W
YKR029C,YMR273C
YKR029C,YOL068C
YKR034W,YNL021W
YKR036C,YPL042C
YKR038C,YML036W
YKR054C,YMR117C
YKR062W,YOL051W
YKR068C,YMR218C
YKR072C,YML016C
YKR077W,YPR120C
YKR081C,YLL008W
YKR081C,YLR002C
YKR081C,YLR074C
YKR081C,YLR276C
YKR081C,YLR449W
YKR081C,YMR049C
YKR081C,YMR290C
YKR081C,YNL002C
YKR081C,YNL061W
YKR081C,YNL110C
YKR081C,YNR053C
YKR081C,YOL077C
YKR081C,YOR005C
YKR081C,YOR206W
YKR081C,YOR233W
YKR081C,YOR272W
YKR081C,YPL093W
YKR081C,YPL211W
YKR081C,YPR016C
YKR088C,YPR079W
YKR096W,YPL204W
YKR101W,YLR442C
YKR101W,YML065W
YKR101W,YML109W
YLL003W,YOR257W
YLL004W,YNL261W
YLL004W,YPR162C
YLL008W,YNL061W
YLL008W,YNL110C
YLL008W,YNL175C
YLL008W,YOR233W
YLL008W,YPL043W
YLL008W,YPR016C
YLL011W,YNL132W
YLL013C,YOL128C
YLL013C,YPL204W
YLL021W,YLR319C
YLL021W,YNL293W
YLL022C,YPL001W
YLL034C,YOR341W
YLL036C,YLR117C
YLL036C,YMR213W
YLL036C,YPL151C
YLL036C,YPR101W
YLR002C,YMR049C
YLR002C,YPR016C
YLR006C,YNR031C
YLR015W,YPL138C
YLR018C,YLR372W
YLR018C,YML048W
YLR018C,YMR264W
YLR025W,YMR154C
YLR025W,YOR275C
YLR025W,YPR173C
YLR026C,YLR268W
YLR026C,YNL041C
YLR026C,YPR105C
YLR026C,YPR181C
YLR034C,YMR215W
YLR034C,YPL076W
YLR035C,YMR167W
YLR039C,YLR262C
YLR051C,YLR119W
YLR055C,YOL148C
YLR055C,YOR119C
YLR071C,YNL236W
YLR071C,YOL051W
YLR071C,YOL135C
YLR074C,YNL002C
YLR074C,YNL110C
YLR074C,YNL175C
YLR074C,YNL182C
YLR074C,YNR053C
YLR074C,YPL093W
YLR074C,YPR016C
YLR078C,YLR268W
YLR078C,YPR181C
YLR083C,YMR177W
YLR086W,YOL069W
YLR096W,YNL049C
YLR096W,YOR061W
YLR097C,YLR289W
YLR097C,YOL133W
YLR102C,YLR127C
YLR102C,YMR001C
YLR102C,YOR249C
YLR105C,YPL083C
YLR106C,YNL110C
YLR113W,YMR172W
YLR113W,YOR039W
YLR115W,YLR277C
YLR115W,YMR061W
YLR115W,YNL222W
YLR115W,YNL317W
YLR115W,YPR107C
YLR116W,YML046W
YLR116W,YMR216C
YLR116W,YPL105C
YLR117C,YML049C
YLR117C,YMR213W
YLR117C,YMR240C
YLR117C,YPR101W
YLR127C,YMR001C
YLR127C,YNL172W
YLR127C,YOR249C
YLR129W,YLR222C
YLR131C,YNL161W
YLR144C,YLR191W
YLR147C,YLR275W
YLR147C,YLR430W
YLR147C,YMR240C
YLR147C,YOR159C
YLR147C,YOR308C
YLR147C,YPR082C
YLR148W,YLR396C
YLR148W,YMR231W
YLR148W,YOR106W
YLR148W,YPL045W
YLR166C,YPR055W
YLR170C,YPL259C
YLR175W,YLR197W
YLR175W,YMR290C
YLR175W,YNL124W
YLR175W,YNL189W
YLR175W,YPL012W
YLR175W,YPL043W
YLR176C,YLR357W
YLR176C,YOR304W
YLR176C,YPL082C
YLR191W,YMR192W
YLR191W,YNL214W
YLR191W,YPR091C
YLR191W,YPR171W
YLR192C,YNL244C
YLR192C,YOR361C
YLR192C,YPR041W
YLR197W,YNL061W
YLR197W,YPL043W
YLR200W,YLR212C
YLR200W,YML094W
YLR207W,YOL013C
YLR212C,YNL126W
YLR215C,YNL116W
YLR226W,YPR161C
YLR233C,YOR319W
YLR234W,YMR190C
YLR238W,YMR029C
YLR238W,YPR110C
YLR245C,YPL070W
YLR267W,YOL133W
YLR268W,YNL287W
YLR268W,YOR075W
YLR268W,YPL010W
YLR274W,YOR080W
YLR274W,YPR019W
YLR275W,YLR298C
YLR275W,YMR125W
YLR275W,YNL147W
YLR275W,YOR159C
YLR275W,YPL178W
YLR276C,YPL043W
YLR277C,YMR061W
YLR277C,YNL317W
YLR277C,YOR250C
YLR277C,YPR107C
YLR288C,YPL194W
YLR291C,YOR260W
YLR291C,YPL237W
YLR292C,YML123C
YLR292C,YOR254C
YLR292C,YPL094C
YLR293C,YLR335W
YLR293C,YLR347C
YLR293C,YMR235C
YLR293C,YNL189W
YLR298C,YML046W
YLR298C,YMR125W
YLR310C,YPL049C
YLR314C,YNL166C
YLR319C,YLR362W
YLR319C,YNL271C
YLR335W,YLR347C
YLR335W,YMR047C
YLR335W,YNL189W
YLR337C,YMR109W
YLR337C,YOR181W
YLR343W,YMR215W
YLR343W,YPL076W
YLR347C,YMR308C
YLR347C,YNL189W
YLR347C,YOR098C
YLR347C,YPL178W
YLR370C,YNR035C
YLR372W,YNL238W
YLR372W,YOL132W
YLR372W,YPL076W
YLR372W,YPR198W
YLR384C,YMR312W
YLR384C,YOR151C
YLR384C,YPL086C
YLR384C,YPL101W
YLR384C,YPR187W
YLR385C,YNL107W
YLR385C,YPL235W
YLR394W,YMR224C
YLR396C,YMR231W
YLR396C,YOR106W
YLR396C,YPL045W
YLR417W,YMR077C
YLR417W,YPL002C
YLR418C,YML010W
YLR418C,YOL145C
YLR418C,YOR123C
YLR418C,YPL129W
YLR423C,YOR158W
YLR423C,YPL124W
YLR423C,YPL174C
YLR423C,YPR185W
YLR429W,YNL094W
YLR429W,YNR035C
YLR433C,YNL027W
YLR438C-A,YMR268C
YLR438C-A,YOL149W
YLR438C-A,YPR178W
YLR449W,YMR049C
YLR449W,YNL061W
YML010W,YOL145C
YML010W,YOR123C
YML015C,YML098W
YML015C,YMR236W
YML016C,YMR311C
YML016C,YPR005C
YML031W,YMR153W
YML038C,YNR066C
YML041C,YPL235W
YML048W,YPR156C
YML048W,YPR198W
YML049C,YMR125W
YML049C,YMR213W
YML049C,YMR240C
YML049C,YMR288W
YML049C,YPL178W
YML062C,YNL189W
YML064C,YMR055C
YML064C,YMR106C
YML064C,YOR229W
YML064C,YPL070W
YML065W,YNL261W
YML065W,YPR162C
YML067C,YML130C
YML095C,YMR201C
YML095C,YOL090W
YML095C,YPL022W
YML098W,YMR005W
YML098W,YMR227C
YML098W,YMR236W
YML098W,YPL011C
YML099C,YMR042W
YML099C,YMR043W
YML102W,YPR018W
YML103C,YMR129W
YML109W,YMR109W
YML109W,YMR273C
YML109W,YNL298W
YML109W,YPL115C
YML123C,YPR156C
YMR001C,YOR117W
YMR033W,YPL016W
YMR042W,YMR043W
YMR047C,YPR119W
YMR049C,YMR290C
YMR049C,YNL002C
YMR049C,YNL061W
YMR049C,YNL110C
YMR049C,YOL077C
YMR049C,YOR061W
YMR049C,YOR206W
YMR049C,YOR233W
YMR049C,YOR272W
YMR049C,YPL043W
YMR049C,YPL093W
YMR049C,YPR016C
YMR052W,YNL127W
YMR059W,YPL083C
YMR061W,YNL317W
YMR061W,YOR250C
YMR068W,YNL047C
YMR068W,YOR014W
YMR075W,YNL330C
YMR075W,YOL004W
YMR078C,YNL262W
YMR078C,YNL290W
YMR078C,YOL094C
YMR078C,YPR175W
YMR094W,YMR168C
YMR095C,YMR096W
YMR102C,YOR174W
YMR106C,YMR284W
YMR106C,YPL031C
YMR106C,YPL140C
YMR109W,YNL025C
YMR109W,YNL094W
YMR109W,YNL271C
YMR109W,YOL070C
YMR109W,YOR181W
YMR109W,YPL277C
YMR112C,YOL135C
YMR117C,YNL250W
YMR125W,YNL251C
YMR125W,YPL178W
YMR125W,YPL190C
YMR127C,YOR213C
YMR127C,YPR018W
YMR129W,YMR153W
YMR139W,YNL078W
YMR146C,YMR309C
YMR146C,YNL244C
YMR146C,YOR361C
YMR146C,YPL105C
YMR146C,YPR041W
YMR146C,YPR086W
YMR149W,YMR279C
YMR149W,YOR016C
YMR149W,YOR085W
YMR149W,YOR103C
YMR153W,YOL065C
YMR159C,YPL149W
YMR167W,YNL082W
YMR167W,YOL090W
YMR167W,YOR033C
YMR168C,YPL018W
YMR172W,YOR039W
YMR172W,YOR061W
YMR198W,YPR141C
YMR201C,YPL022W
YMR213W,YMR288W
YMR213W,YPL151C
YMR213W,YPR101W
YMR215W,YOR016C
YMR215W,YPR156C
YMR216C,YNL004W
YMR223W,YOR119C
YMR223W,YPL047W
YMR229C,YNL175C
YMR231W,YPL045W
YMR240C,YMR288W
YMR240C,YOR319W
YMR240C,YPL151C
YMR240C,YPL213W
YMR255W,YOR046C
YMR263W,YNL330C
YMR263W,YOL004W
YMR264W,YPL076W
YMR273C,YPL115C
YMR274C,YOL132W
YMR275C,YNL183C
YMR288W,YOR159C
YMR290C,YNL061W
YMR290C,YNL110C
YMR290C,YPL043W
YMR290C,YPR016C
YMR294W,YPR083W
YMR308C,YNL189W
YMR309C,YNL244C
YMR309C,YOR361C
YMR309C,YPL001W
YMR309C,YPR041W
YMR309C,YPR086W
YMR312W,YPL086C
YMR312W,YPL101W
YNL002C,YNL110C
YNL002C,YPL043W
YNL002C,YPR016C
YNL006W,YNL183C
YNL006W,YOL078W
YNL006W,YPL180W
YNL020C,YNL084C
YNL020C,YNL243W
YNL021W,YOL090W
YNL021W,YPR179C
YNL025C,YNL094W
YNL025C,YNL236W
YNL025C,YPL042C
YNL032W,YNL056W
YNL032W,YNL099C
YNL047C,YOR014W
YNL048W,YPL076W
YNL049C,YPL085W
YNL049C,YPR181C
YNL053W,YOR257W
YNL056W,YNL099C
YNL061W,YOL077C
YNL061W,YOR005C
YNL061W,YOR206W
YNL061W,YOR272W
YNL061W,YPL043W
YNL061W,YPL093W
YNL061W,YPL211W
YNL061W,YPR016C
YNL062C,YOR361C
YNL078W,YOL070C
YNL082W,YOL090W
YNL084C,YOR181W
YNL086W,YPR185W
YNL093W,YOR089C
YNL094W,YNL243W
YNL097C,YNL330C
YNL101W,YOR254C
YNL101W,YPL076W
YNL103W,YPL038W
YNL107W,YOR119C
YNL107W,YOR244W
YNL107W,YPL235W
YNL110C,YNL182C
YNL110C,YOL077C
YNL110C,YOR005C
YNL110C,YOR272W
YNL110C,YPL043W
YNL110C,YPL093W
YNL110C,YPR016C
YNL113W,YOR207C
YNL113W,YOR341W
YNL113W,YPL204W
YNL113W,YPR010C
YNL113W,YPR110C
YNL116W,YNL311C
YNL118C,YOL149W
YNL128W,YPL164C
YNL132W,YNL207W
YNL132W,YPL043W
YNL147W,YOL149W
YNL147W,YPR178W
YNL151C,YNR003C
YNL151C,YOR116C
YNL151C,YPR110C
YNL161W,YOL036W
YNL172W,YOR249C
YNL175C,YOR206W
YNL175C,YPL043W
YNL182C,YPR016C
YNL183C,YPL180W
YNL189W,YNL232W
YNL189W,YOL021C
YNL189W,YOR001W
YNL207W,YOR056C
YNL207W,YOR061W
YNL207W,YOR145C
YNL207W,YPL012W
YNL207W,YPL042C
YNL207W,YPL266W
YNL214W,YOL044W
YNL222W,YPR107C
YNL225C,YOR373W
YNL232W,YOL021C
YNL232W,YOR001W
YNL236W,YOL135C
YNL236W,YOR140W
YNL238W,YPL076W
YNL243W,YNL298W
YNL243W,YOR181W
YNL243W,YOR284W
YNL244C,YOR361C
YNL244C,YPR041W
YNL248C,YOR341W
YNL250W,YOL069W
YNL251C,YPL178W
YNL251C,YPL190C
YNL261W,YPR162C
YNL262W,YPR175W
YNL263C,YNL304W
YNL263C,YOR089C
YNL288W,YNR052C
YNL288W,YPR072W
YNL290W,YOL094C
YNL290W,YOR144C
YNL298W,YOR127W
YNL298W,YPL115C
YNL309W,YPR120C
YNL317W,YPR107C
YNL330C,YOL004W
YNL330C,YPL139C
YNL330C,YPL181W
YNR003C,YOR116C
YNR003C,YOR207C
YNR003C,YOR224C
YNR003C,YPR110C
YNR003C,YPR190C
YNR007C,YOR160W
YNR010W,YOL135C
YNR010W,YOR174W
YNR023W,YOR119C
YNR023W,YPL016W
YNR047W,YOR353C
YNR053C,YOR308C
YNR053C,YPR016C
YOL003C,YPL076W
YOL003C,YPL264C
YOL004W,YPL139C
YOL004W,YPL181W
YOL005C,YPR093C
YOL006C,YPR190C
YOL021C,YOL142W
YOL021C,YOR001W
YOL041C,YPL043W
YOL051W,YOL135C
YOL051W,YOR174W
YOL051W,YPL248C
YOL067C,YOL108C
YOL068C,YOR279C
YOL069W,YPR141C
YOL077C,YPL043W
YOL077C,YPL259C
YOL090W,YOR033C
YOL090W,YPR179C
YOL094C,YOR144C
YOL094C,YOR217W
YOL132W,YOR016C
YOL132W,YPL274W
YOL133W,YOR319W
YOL135C,YOR174W
YOL135C,YPR070W
YOL139C,YPL178W
YOL145C,YOR039W
YOL145C,YOR061W
YOL145C,YOR123C
YOL148C,YPL254W
YOL149W,YOR167C
YOL149W,YPR132W
YOR005C,YOR272W
YOR005C,YPR016C
YOR014W,YOR039W
YOR016C,YPL076W
YOR016C,YPL274W
YOR016C,YPR156C
YOR016C,YPR198W
YOR016C,YPR201W
YOR061W,YOR119C
YOR061W,YOR294W
YOR061W,YOR341W
YOR066W,YPR120C
YOR085W,YOR103C
YOR106W,YPL195W
YOR116C,YOR207C
YOR116C,YOR224C
YOR116C,YPR110C
YOR116C,YPR187W
YOR116C,YPR190C
YOR119C,YPL254W
YOR151C,YOR210W
YOR151C,YPR093C
YOR151C,YPR187W
YOR156C,YPL161C
YOR159C,YPR178W
YOR164C,YPR105C
YOR206W,YPL043W
YOR207C,YPR110C
YOR210W,YOR341W
YOR210W,YPR010C
YOR210W,YPR110C
YOR213C,YPR018W
YOR224C,YOR341W
YOR224C,YPR110C
YOR233W,YPL093W
YOR254C,YPL076W
YOR254C,YPL094C
YOR257W,YPL180W
YOR260W,YPL237W
YOR270C,YPR036W
YOR272W,YPL043W
YOR272W,YPR016C
YOR275C,YPR173C
YOR284W,YPL070W
YOR308C,YPR178W
YOR310C,YPR137W
YOR340C,YOR341W
YOR341W,YPR010C
YOR341W,YPR110C
YOR341W,YPR187W
YOR361C,YPL001W
YOR361C,YPR016C
YOR361C,YPR041W
YOR361C,YPR086W
YOR368W,YPL194W
YPL011C,YPL129W
YPL012W,YPL043W
YPL016W,YPR034W
YPL031C,YPL219W
YPL042C,YPL248C
YPL043W,YPL093W
YPL043W,YPL259C
YPL070W,YPL124W
YPL076W,YPL264C
YPL086C,YPL101W
YPL093W,YPR016C
YPL124W,YPL155C
YPL124W,YPL255W
YPL139C,YPL181W
YPL227C,YPL274W
YPL227C,YPR198W
YPL259C,YPR029C
YPR010C,YPR110C
YPR041W,YPR086W
YPR110C,YPR187W
YPR110C,YPR190C
